Workbook

Sheet Form
A1: #VALUE!
B2: Tipping Comp
A4: Name:
A6: Email: | F6: Phone:
A8: Group A | B8: Odds | C8: Rank | D8: Group B | E8: Odds | F8: Rank | G8: Group C | H8: Odds | I8: Rank
A9: Qatar | B9: 251 | D9: England | E9: 7.5 | G9: Argentina | H9: 7.5
A10: Ecuador | B10: 151 | D10: Iran | E10: 501 | G10: Saudi Arabia | H10: 501
A11: Senegal | B11: 91 | D11: USA | E11: 101 | G11: Mexico | H11: 101
A12: Netherlands | B12: 13 | D12: Wales | E12: 151 | G12: Poland | H12: 126
A14: Group D | B14: Odds | C14: Rank | D14: Group E | E14: Odds | F14: Rank | G14: Group F | H14: Odds | I14: Rank
A15: France | B15: 6.5 | D15: Spain | E15: 8.5 | G15: Belgium | H15: 12
A16: Australia | B16: 251 | D16: Costa Rica | E16: 501 | G16: Canada | H16: 201
A17: Denmark | B17: 31 | D17: Germany | E17: 10 | G17: Morocco | H17: 201
A18: Tunisia | B18: 426 | D18: Japan | E18: 251 | G18: Croatia | H18: 46
A20: Group G | B20: Odds | C20: Rank | D20: Group H | E20: Odds | F20: Rank
A21: Brazil | B21: 5 | D21: Portugal | E21: 13
A22: Switzerland | B22: 81 | D22: Ghana | E22: 251
A23: Serbia | B23: 101 | D23: Uruguay | E23: 46
A24: Cameroon | B24: 251 | D24: Korea Rep. | E24: 251
A26: Pick one team and rank them with a star (*). This is likely to be the team you believe will win the World Cup.
A27: Then rank 3 teams in each group from 1 to 3, one group will have rankings for all four teams (with the * included) and the
A28: other 7 groups will only have 3 teams ranked. The way you rank will then score accordingly;
A30: Scoring Points | E30: Multiplier
A31: Win = 5 points | E31: Team ranked 1 will receive 3 times the scored points
A32: Draw = 3 points (inc. penalty games) | E32: Team ranked 2 will receive 2 times the scored points
A33: Lose = 0 points | E33: Team ranked 3 will receive 1 times the scored points
A34: Goals For = 2 points per goal | E34: Team ranked * will receive 5 times the scored points
A35: Goals Against = -1 points per goal
A36: Yellow Card = -1 point per yellow card
A37: Red Card = -5 points per red card
A38: Group Winner = 5 points
A39: Qualify from Group = 2 points
A40: Make Quarter Final = 10 points
A41: Make Semi Final = 15 points
A42: Make Final = 20 points
A43: WC Winner = 30 points

Sheet Results
B1: Win (5) | C1: Draw (3) | D1: Lose (0) | E1: Goals For (2) | F1: Goals Against (-1) | G1: Yellow Cards (-1) | H1: Red Cards (-5) | I1: Group Winner (5) | J1: Qualify (2) | K1: Quarter Final (10) | L1: Semi Final (15) | M1: Final (20) | N1: WC Winner (30) | O1: Points
A2: Group A
A3: Mexico | B3: 1 | E3: 2 | G3: 1 | H3: 1 | O3: =(B3*5)+(C3*3)+(D3*0)+(E3*2)+(F3*-1)+(G3*-1)+(H3*-5)+(I3*5)+(J3*2)+(K3*10)+(L3*15)+(M3*20)+(N3*30) -> 3
A4: South Africa | D4: 1 | F4: 2 | G4: 2 | H4: 2 | O4: =(B4*5)+(C4*3)+(D4*0)+(E4*2)+(F4*-1)+(G4*-1)+(H4*-5)+(I4*5)+(J4*2)+(K4*10)+(L4*15)+(M4*20)+(N4*30) -> -14
A5: Korea Rep. | B5: 1 | E5: 2 | F5: 1 | G5: 1 | O5: =(B5*5)+(C5*3)+(D5*0)+(E5*2)+(F5*-1)+(G5*-1)+(H5*-5)+(I5*5)+(J5*2)+(K5*10)+(L5*15)+(M5*20)+(N5*30) -> 7
A6: Czechia | D6: 1 | E6: 1 | F6: 2 | O6: =(B6*5)+(C6*3)+(D6*0)+(E6*2)+(F6*-1)+(G6*-1)+(H6*-5)+(I6*5)+(J6*2)+(K6*10)+(L6*15)+(M6*20)+(N6*30) -> 0
A7: Group B
A8: Canada | C8: 1 | E8: 1 | F8: 1 | G8: 2 | O8: =(B8*5)+(C8*3)+(D8*0)+(E8*2)+(F8*-1)+(G8*-1)+(H8*-5)+(I8*5)+(J8*2)+(K8*10)+(L8*15)+(M8*20)+(N8*30) -> 2
A9: Bosnia | C9: 1 | E9: 1 | F9: 1 | G9: 3 | O9: =(B9*5)+(C9*3)+(D9*0)+(E9*2)+(F9*-1)+(G9*-1)+(H9*-5)+(I9*5)+(J9*2)+(K9*10)+(L9*15)+(M9*20)+(N9*30) -> 1
A10: Qatar | C10: 1 | E10: 1 | F10: 1 | G10: 2 | O10: =(B10*5)+(C10*3)+(D10*0)+(E10*2)+(F10*-1)+(G10*-1)+(H10*-5)+(I10*5)+(J10*2)+(K10*10)+(L10*15)+(M10*20)+(N10*30) -> 2
A11: Switzerland | C11: 1 | E11: 1 | F11: 1 | G11: 1 | O11: =(B11*5)+(C11*3)+(D11*0)+(E11*2)+(F11*-1)+(G11*-1)+(H11*-5)+(I11*5)+(J11*2)+(K11*10)+(L11*15)+(M11*20)+(N11*30) -> 3
A12: Group C
A13: Brazil | C13: 1 | E13: 1 | F13: 1 | G13: 2 | O13: =(B13*5)+(C13*3)+(D13*0)+(E13*2)+(F13*-1)+(G13*-1)+(H13*-5)+(I13*5)+(J13*2)+(K13*10)+(L13*15)+(M13*20)+(N13*30) -> 2
A14: Morocco | C14: 1 | E14: 1 | F14: 1 | O14: =(B14*5)+(C14*3)+(D14*0)+(E14*2)+(F14*-1)+(G14*-1)+(H14*-5)+(I14*5)+(J14*2)+(K14*10)+(L14*15)+(M14*20)+(N14*30) -> 4
A15: Haiti | D15: 1 | F15: 1 | G15: 1 | O15: =(B15*5)+(C15*3)+(D15*0)+(E15*2)+(F15*-1)+(G15*-1)+(H15*-5)+(I15*5)+(J15*2)+(K15*10)+(L15*15)+(M15*20)+(N15*30) -> -2
A16: Scotland | B16: 1 | E16: 1 | G16: 3 | O16: =(B16*5)+(C16*3)+(D16*0)+(E16*2)+(F16*-1)+(G16*-1)+(H16*-5)+(I16*5)+(J16*2)+(K16*10)+(L16*15)+(M16*20)+(N16*30) -> 4
A17: Group D
A18: USA | B18: 1 | E18: 4 | F18: 1 | G18: 1 | O18: =(B18*5)+(C18*3)+(D18*0)+(E18*2)+(F18*-1)+(G18*-1)+(H18*-5)+(I18*5)+(J18*2)+(K18*10)+(L18*15)+(M18*20)+(N18*30) -> 11
A19: Paraguay | D19: 1 | E19: 1 | F19: 4 | G19: 5 | O19: =(B19*5)+(C19*3)+(D19*0)+(E19*2)+(F19*-1)+(G19*-1)+(H19*-5)+(I19*5)+(J19*2)+(K19*10)+(L19*15)+(M19*20)+(N19*30) -> -7
A20: Australia | B20: 1 | E20: 2 | O20: =(B20*5)+(C20*3)+(D20*0)+(E20*2)+(F20*-1)+(G20*-1)+(H20*-5)+(I20*5)+(J20*2)+(K20*10)+(L20*15)+(M20*20)+(N20*30) -> 9
A21: Turkey | D21: 1 | F21: 2 | G21: 1 | O21: =(B21*5)+(C21*3)+(D21*0)+(E21*2)+(F21*-1)+(G21*-1)+(H21*-5)+(I21*5)+(J21*2)+(K21*10)+(L21*15)+(M21*20)+(N21*30) -> -3
A22: Group E
A23: Germany | B23: 1 | E23: 7 | F23: 1 | O23: =(B23*5)+(C23*3)+(D23*0)+(E23*2)+(F23*-1)+(G23*-1)+(H23*-5)+(I23*5)+(J23*2)+(K23*10)+(L23*15)+(M23*20)+(N23*30) -> 18
A24: Curacao | D24: 1 | E24: 1 | F24: 7 | O24: =(B24*5)+(C24*3)+(D24*0)+(E24*2)+(F24*-1)+(G24*-1)+(H24*-5)+(I24*5)+(J24*2)+(K24*10)+(L24*15)+(M24*20)+(N24*30) -> -5
A25: Ivory Coast | B25: 1 | E25: 1 | G25: 3 | O25: =(B25*5)+(C25*3)+(D25*0)+(E25*2)+(F25*-1)+(G25*-1)+(H25*-5)+(I25*5)+(J25*2)+(K25*10)+(L25*15)+(M25*20)+(N25*30) -> 4
A26: Ecuador | D26: 1 | F26: 1 | G26: 1 | O26: =(B26*5)+(C26*3)+(D26*0)+(E26*2)+(F26*-1)+(G26*-1)+(H26*-5)+(I26*5)+(J26*2)+(K26*10)+(L26*15)+(M26*20)+(N26*30) -> -2
A27: Group F
A28: Netherlands | C28: 1 | E28: 2 | F28: 2 | G28: 3 | O28: =(B28*5)+(C28*3)+(D28*0)+(E28*2)+(F28*-1)+(G28*-1)+(H28*-5)+(I28*5)+(J28*2)+(K28*10)+(L28*15)+(M28*20)+(N28*30) -> 2
A29: Japan | C29: 1 | E29: 2 | F29: 2 | O29: =(B29*5)+(C29*3)+(D29*0)+(E29*2)+(F29*-1)+(G29*-1)+(H29*-5)+(I29*5)+(J29*2)+(K29*10)+(L29*15)+(M29*20)+(N29*30) -> 5
A30: Sweden | B30: 1 | E30: 5 | F30: 1 | O30: =(B30*5)+(C30*3)+(D30*0)+(E30*2)+(F30*-1)+(G30*-1)+(H30*-5)+(I30*5)+(J30*2)+(K30*10)+(L30*15)+(M30*20)+(N30*30) -> 14
A31: Tunisia | D31: 1 | E31: 1 | F31: 5 | G31: 1 | O31: =(B31*5)+(C31*3)+(D31*0)+(E31*2)+(F31*-1)+(G31*-1)+(H31*-5)+(I31*5)+(J31*2)+(K31*10)+(L31*15)+(M31*20)+(N31*30) -> -4
A32: Group G
A33: Belgium | C33: 1 | E33: 1 | F33: 1 | G33: 2 | O33: =(B33*5)+(C33*3)+(D33*0)+(E33*2)+(F33*-1)+(G33*-1)+(H33*-5)+(I33*5)+(J33*2)+(K33*10)+(L33*15)+(M33*20)+(N33*30) -> 2
A34: Egypt | C34: 1 | E34: 1 | F34: 1 | G34: 2 | O34: =(B34*5)+(C34*3)+(D34*0)+(E34*2)+(F34*-1)+(G34*-1)+(H34*-5)+(I34*5)+(J34*2)+(K34*10)+(L34*15)+(M34*20)+(N34*30) -> 2
A35: Iran | C35: 1 | E35: 2 | F35: 2 | G35: 1 | O35: =(B35*5)+(C35*3)+(D35*0)+(E35*2)+(F35*-1)+(G35*-1)+(H35*-5)+(I35*5)+(J35*2)+(K35*10)+(L35*15)+(M35*20)+(N35*30) -> 4
A36: New Zealand | C36: 1 | E36: 2 | F36: 2 | O36: =(B36*5)+(C36*3)+(D36*0)+(E36*2)+(F36*-1)+(G36*-1)+(H36*-5)+(I36*5)+(J36*2)+(K36*10)+(L36*15)+(M36*20)+(N36*30) -> 5
A37: Group H
A38: Spain | C38: 1 | G38: 1 | O38: =(B38*5)+(C38*3)+(D38*0)+(E38*2)+(F38*-1)+(G38*-1)+(H38*-5)+(I38*5)+(J38*2)+(K38*10)+(L38*15)+(M38*20)+(N38*30) -> 2
A39: Cape Verde | C39: 1 | G39: 1 | O39: =(B39*5)+(C39*3)+(D39*0)+(E39*2)+(F39*-1)+(G39*-1)+(H39*-5)+(I39*5)+(J39*2)+(K39*10)+(L39*15)+(M39*20)+(N39*30) -> 2
A40: Saudi Arabia | C40: 1 | E40: 1 | F40: 1 | G40: 1 | O40: =(B40*5)+(C40*3)+(D40*0)+(E40*2)+(F40*-1)+(G40*-1)+(H40*-5)+(I40*5)+(J40*2)+(K40*10)+(L40*15)+(M40*20)+(N40*30) -> 3
A41: Uruguay | C41: 1 | E41: 1 | F41: 1 | O41: =(B41*5)+(C41*3)+(D41*0)+(E41*2)+(F41*-1)+(G41*-1)+(H41*-5)+(I41*5)+(J41*2)+(K41*10)+(L41*15)+(M41*20)+(N41*30) -> 4
A42: Group I
A43: France | B43: 1 | E43: 3 | F43: 1 | O43: =(B43*5)+(C43*3)+(D43*0)+(E43*2)+(F43*-1)+(G43*-1)+(H43*-5)+(I43*5)+(J43*2)+(K43*10)+(L43*15)+(M43*20)+(N43*30) -> 10
A44: Senegal | D44: 1 | E44: 1 | F44: 3 | O44: =(B44*5)+(C44*3)+(D44*0)+(E44*2)+(F44*-1)+(G44*-1)+(H44*-5)+(I44*5)+(J44*2)+(K44*10)+(L44*15)+(M44*20)+(N44*30) -> -1
A45: Iraq | D45: 1 | E45: 1 | F45: 4 | G45: 1 | O45: =(B45*5)+(C45*3)+(D45*0)+(E45*2)+(F45*-1)+(G45*-1)+(H45*-5)+(I45*5)+(J45*2)+(K45*10)+(L45*15)+(M45*20)+(N45*30) -> -3
A46: Norway | B46: 1 | E46: 4 | F46: 1 | O46: =(B46*5)+(C46*3)+(D46*0)+(E46*2)+(F46*-1)+(G46*-1)+(H46*-5)+(I46*5)+(J46*2)+(K46*10)+(L46*15)+(M46*20)+(N46*30) -> 12
A47: Group J
A48: Argentina | B48: 1 | E48: 3 | O48: =(B48*5)+(C48*3)+(D48*0)+(E48*2)+(F48*-1)+(G48*-1)+(H48*-5)+(I48*5)+(J48*2)+(K48*10)+(L48*15)+(M48*20)+(N48*30) -> 11
A49: Algeria | D49: 1 | F49: 3 | O49: =(B49*5)+(C49*3)+(D49*0)+(E49*2)+(F49*-1)+(G49*-1)+(H49*-5)+(I49*5)+(J49*2)+(K49*10)+(L49*15)+(M49*20)+(N49*30) -> -3
A50: Austria | B50: 1 | E50: 3 | F50: 1 | G50: 1 | O50: =(B50*5)+(C50*3)+(D50*0)+(E50*2)+(F50*-1)+(G50*-1)+(H50*-5)+(I50*5)+(J50*2)+(K50*10)+(L50*15)+(M50*20)+(N50*30) -> 9
A51: Jordan | D51: 1 | E51: 1 | F51: 3 | O51: =(B51*5)+(C51*3)+(D51*0)+(E51*2)+(F51*-1)+(G51*-1)+(H51*-5)+(I51*5)+(J51*2)+(K51*10)+(L51*15)+(M51*20)+(N51*30) -> -1
A52: Group K
A53: Portugal | C53: 1 | E53: 1 | F53: 1 | G53: 3 | O53: =(B53*5)+(C53*3)+(D53*0)+(E53*2)+(F53*-1)+(G53*-1)+(H53*-5)+(I53*5)+(J53*2)+(K53*10)+(L53*15)+(M53*20)+(N53*30) -> 1
A54: Congo | C54: 1 | E54: 1 | F54: 1 | G54: 1 | O54: =(B54*5)+(C54*3)+(D54*0)+(E54*2)+(F54*-1)+(G54*-1)+(H54*-5)+(I54*5)+(J54*2)+(K54*10)+(L54*15)+(M54*20)+(N54*30) -> 3
A55: Uzebekistan | D55: 1 | E55: 1 | F55: 3 | G55: 1 | O55: =(B55*5)+(C55*3)+(D55*0)+(E55*2)+(F55*-1)+(G55*-1)+(H55*-5)+(I55*5)+(J55*2)+(K55*10)+(L55*15)+(M55*20)+(N55*30) -> -2
A56: Colombia | B56: 1 | E56: 3 | F56: 1 | G56: 1 | O56: =(B56*5)+(C56*3)+(D56*0)+(E56*2)+(F56*-1)+(G56*-1)+(H56*-5)+(I56*5)+(J56*2)+(K56*10)+(L56*15)+(M56*20)+(N56*30) -> 9
A57: Group L
A58: England | B58: 1 | E58: 4 | F58: 2 | O58: =(B58*5)+(C58*3)+(D58*0)+(E58*2)+(F58*-1)+(G58*-1)+(H58*-5)+(I58*5)+(J58*2)+(K58*10)+(L58*15)+(M58*20)+(N58*30) -> 11
A59: Croatia | D59: 1 | E59: 2 | F59: 4 | O59: =(B59*5)+(C59*3)+(D59*0)+(E59*2)+(F59*-1)+(G59*-1)+(H59*-5)+(I59*5)+(J59*2)+(K59*10)+(L59*15)+(M59*20)+(N59*30) -> 0
A60: Ghana | B60: 1 | E60: 1 | G60: 1 | O60: =(B60*5)+(C60*3)+(D60*0)+(E60*2)+(F60*-1)+(G60*-1)+(H60*-5)+(I60*5)+(J60*2)+(K60*10)+(L60*15)+(M60*20)+(N60*30) -> 6
A61: Panama | D61: 1 | F61: 1 | G61: 2 | O61: =(B61*5)+(C61*3)+(D61*0)+(E61*2)+(F61*-1)+(G61*-1)+(H61*-5)+(I61*5)+(J61*2)+(K61*10)+(L61*15)+(M61*20)+(N61*30) -> -3

Sheet Entries
A1: Name: | B1: Lennon Dresner (P) | M1: Total: | N1: =SUM(D3:D6,D8:D11,H3:H6, H8:H11,L3:L6,L8:L11,P3:P6,P8:P11,D13:D16,H13:H16,L13:L16,P13:P16) -> 394 | R1: Name: | S1: Ben Maike (P) | AD1: Total: | AE1: =SUM(U3:U6,U8:U11,Y3:Y6, Y8:Y11,AC3:AC6,AC8:AC11,AG3:AG6,AG8:AG11,U13:U16,Y13:Y16,AC13:AC16,AG13:AG16) -> 363 | AI1: Name: | AJ1: Tyler & Mark Hall | AU1: Total: | AV1: =SUM(AL3:AL6,AL8:AL11,AP3:AP6, AP8:AP11,AT3:AT6,AT8:AT11,AX3:AX6,AX8:AX11,AL13:AL16,AP13:AP16,AT13:AT16,AX13:AX16) -> 373
A2: Group A | B2: Score | C2: Multiplier | D2: Points | E2: Group B | F2: Score | G2: Multiplier | H2: Points | I2: Group C | J2: Score | K2: Multiplier | L2: Points | M2: Group D | N2: Score | O2: Multiplier | P2: Points | R2: Group A | S2: Score | T2: Multiplier | U2: Points | V2: Group B | W2: Score | X2: Multiplier | Y2: Points | Z2: Group C | AA2: Score | AB2: Multiplier | AC2: Points | AD2: Group D | AE2: Score | AF2: Multiplier | AG2: Points | AI2: Group A | AJ2: Score | AK2: Multiplier | AL2: Points | AM2: Group B | AN2: Score | AO2: Multiplier | AP2: Points | AQ2: Group C | AR2: Score | AS2: Multiplier | AT2: Points | AU2: Group D | AV2: Score | AW2: Multiplier | AX2: Points
A3: Mexico | B3: =Results!$O$3 -> 3 | C3: 2 | D3: =B3*C3 -> 6 | E3: Canada | F3: =Results!$O$8 -> 2 | G3: 2 | H3: =F3*G3 -> 4 | I3: Brazil | J3: =Results!$O$13 -> 2 | K3: 5 | L3: =J3*K3 -> 10 | M3: USA | N3: =Results!$O$18 -> 11 | O3: 3 | P3: =N3*O3 -> 33 | R3: Mexico | S3: =Results!$O$3 -> 3 | T3: 3 | U3: =S3*T3 -> 9 | V3: Canada | W3: =Results!$O$8 -> 2 | X3: 3 | Y3: =W3*X3 -> 6 | Z3: Brazil | AA3: =Results!$O$13 -> 2 | AB3: 3 | AC3: =AA3*AB3 -> 6 | AD3: USA | AE3: =Results!$O$18 -> 11 | AF3: 2 | AG3: =AE3*AF3 -> 22 | AI3: Mexico | AJ3: =Results!$O$3 -> 3 | AK3: 3 | AL3: =AJ3*AK3 -> 9 | AM3: Canada | AN3: =Results!$O$8 -> 2 | AO3: 2 | AP3: =AN3*AO3 -> 4 | AQ3: Brazil | AR3: =Results!$O$13 -> 2 | AS3: 3 | AT3: =AR3*AS3 -> 6 | AU3: USA | AV3: =Results!$O$18 -> 11 | AW3: 2 | AX3: =AV3*AW3 -> 22
A4: Sth Africa | B4: =Results!$O$4 -> -14 | D4: =B4*C4 -> 0 | E4: Bosnia | F4: =Results!$O$9 -> 1 | H4: =F4*G4 -> 0 | I4: Morocco | J4: =Results!$O$14 -> 4 | K4: 2 | L4: =J4*K4 -> 8 | M4: Paraguay | N4: =Results!$O$19 -> -7 | P4: =N4*O4 -> 0 | R4: Sth Africa | S4: =Results!$O$4 -> -14 | U4: =S4*T4 -> 0 | V4: Bosnia | W4: =Results!$O$9 -> 1 | Y4: =W4*X4 -> 0 | Z4: Morocco | AA4: =Results!$O$14 -> 4 | AB4: 2 | AC4: =AA4*AB4 -> 8 | AD4: Paraguay | AE4: =Results!$O$19 -> -7 | AF4: 3 | AG4: =AE4*AF4 -> -21 | AI4: Sth Africa | AJ4: =Results!$O$4 -> -14 | AL4: =AJ4*AK4 -> 0 | AM4: Bosnia | AN4: =Results!$O$9 -> 1 | AO4: 1 | AP4: =AN4*AO4 -> 1 | AQ4: Morocco | AR4: =Results!$O$14 -> 4 | AS4: 1 | AT4: =AR4*AS4 -> 4 | AU4: Paraguay | AV4: =Results!$O$19 -> -7 | AX4: =AV4*AW4 -> 0
A5: Korea Rep | B5: =Results!$O$5 -> 7 | C5: 3 | D5: =B5*C5 -> 21 | E5: Qatar | F5: =Results!$O$10 -> 2 | G5: 1 | H5: =F5*G5 -> 2 | I5: Haiti | J5: =Results!$O$15 -> -2 | K5: 1 | L5: =J5*K5 -> -2 | M5: Australia | N5: =Results!$O$20 -> 9 | O5: 2 | P5: =N5*O5 -> 18 | R5: Korea Rep | S5: =Results!$O$5 -> 7 | T5: 1 | U5: =S5*T5 -> 7 | V5: Qatar | W5: =Results!$O$10 -> 2 | X5: 1 | Y5: =W5*X5 -> 2 | Z5: Haiti | AA5: =Results!$O$15 -> -2 | AC5: =AA5*AB5 -> 0 | AD5: Australia | AE5: =Results!$O$20 -> 9 | AG5: =AE5*AF5 -> 0 | AI5: Korea Rep | AJ5: =Results!$O$5 -> 7 | AK5: 2 | AL5: =AJ5*AK5 -> 14 | AM5: Qatar | AN5: =Results!$O$10 -> 2 | AP5: =AN5*AO5 -> 0 | AQ5: Haiti | AR5: =Results!$O$15 -> -2 | AT5: =AR5*AS5 -> 0 | AU5: Australia | AV5: =Results!$O$20 -> 9 | AW5: 1 | AX5: =AV5*AW5 -> 9
A6: Czechia | B6: =Results!$O$6 -> 0 | C6: 1 | D6: =B6*C6 -> 0 | E6: Switzerland | F6: =Results!$O$11 -> 3 | G6: 3 | H6: =F6*G6 -> 9 | I6: Scotland | J6: =Results!$O$16 -> 4 | K6: 3 | L6: =J6*K6 -> 12 | M6: Turkey | N6: =Results!$O$21 -> -3 | O6: 1 | P6: =N6*O6 -> -3 | R6: Czechia | S6: =Results!$O$6 -> 0 | T6: 2 | U6: =S6*T6 -> 0 | V6: Switzerland | W6: =Results!$O$11 -> 3 | X6: 2 | Y6: =W6*X6 -> 6 | Z6: Scotland | AA6: =Results!$O$16 -> 4 | AB6: 1 | AC6: =AA6*AB6 -> 4 | AD6: Turkey | AE6: =Results!$O$21 -> -3 | AF6: 1 | AG6: =AE6*AF6 -> -3 | AI6: Czechia | AJ6: =Results!$O$6 -> 0 | AK6: 1 | AL6: =AJ6*AK6 -> 0 | AM6: Switzerland | AN6: =Results!$O$11 -> 3 | AO6: 3 | AP6: =AN6*AO6 -> 9 | AQ6: Scotland | AR6: =Results!$O$16 -> 4 | AS6: 2 | AT6: =AR6*AS6 -> 8 | AU6: Turkey | AV6: =Results!$O$21 -> -3 | AW6: 3 | AX6: =AV6*AW6 -> -9
A7: Group E | B7: Score | C7: Multiplier | D7: Points | E7: Group F | F7: Score | G7: Multiplier | H7: Points | I7: Group G | J7: Score | K7: Multiplier | L7: Points | M7: Group H | N7: Score | O7: Multiplier | P7: Points | R7: Group E | S7: Score | T7: Multiplier | U7: Points | V7: Group F | W7: Score | X7: Multiplier | Y7: Points | Z7: Group G | AA7: Score | AB7: Multiplier | AC7: Points | AD7: Group H | AE7: Score | AF7: Multiplier | AG7: Points | AI7: Group E | AJ7: Score | AK7: Multiplier | AL7: Points | AM7: Group F | AN7: Score | AO7: Multiplier | AP7: Points | AQ7: Group G | AR7: Score | AS7: Multiplier | AT7: Points | AU7: Group H | AV7: Score | AW7: Multiplier | AX7: Points
A8: Germany | B8: =Results!$O$23 -> 18 | C8: 3 | D8: =B8*C8 -> 54 | E8: Netherlands | F8: =Results!$O$28 -> 2 | G8: 3 | H8: =F8*G8 -> 6 | I8: Belgium | J8: =Results!$O$33 -> 2 | K8: 3 | L8: =J8*K8 -> 6 | M8: Spain | N8: =Results!$O$38 -> 2 | O8: 3 | P8: =N8*O8 -> 6 | R8: Germany | S8: =Results!$O$23 -> 18 | T8: 3 | U8: =S8*T8 -> 54 | V8: Netherlands | W8: =Results!$O$28 -> 2 | X8: 3 | Y8: =W8*X8 -> 6 | Z8: Belgium | AA8: =Results!$O$33 -> 2 | AB8: 3 | AC8: =AA8*AB8 -> 6 | AD8: Spain | AE8: =Results!$O$38 -> 2 | AF8: 3 | AG8: =AE8*AF8 -> 6 | AI8: Germany | AJ8: =Results!$O$23 -> 18 | AK8: 3 | AL8: =AJ8*AK8 -> 54 | AM8: Netherlands | AN8: =Results!$O$28 -> 2 | AO8: 3 | AP8: =AN8*AO8 -> 6 | AQ8: Belgium | AR8: =Results!$O$33 -> 2 | AS8: 3 | AT8: =AR8*AS8 -> 6 | AU8: Spain | AV8: =Results!$O$38 -> 2 | AW8: 3 | AX8: =AV8*AW8 -> 6
A9: Curacao | B9: =Results!$O$24 -> -5 | D9: =B9*C9 -> 0 | E9: Japan | F9: =Results!$O$29 -> 5 | G9: 1 | H9: =F9*G9 -> 5 | I9: Egypt | J9: =Results!$O$34 -> 2 | K9: 2 | L9: =J9*K9 -> 4 | M9: Cape Verde | N9: =Results!$O$39 -> 2 | P9: =N9*O9 -> 0 | R9: Curacao | S9: =Results!$O$24 -> -5 | U9: =S9*T9 -> 0 | V9: Japan | W9: =Results!$O$29 -> 5 | X9: 1 | Y9: =W9*X9 -> 5 | Z9: Egypt | AA9: =Results!$O$34 -> 2 | AB9: 2 | AC9: =AA9*AB9 -> 4 | AD9: Cape Verde | AE9: =Results!$O$39 -> 2 | AG9: =AE9*AF9 -> 0 | AI9: Curacao | AJ9: =Results!$O$24 -> -5 | AL9: =AJ9*AK9 -> 0 | AM9: Japan | AN9: =Results!$O$29 -> 5 | AO9: 2 | AP9: =AN9*AO9 -> 10 | AQ9: Egypt | AR9: =Results!$O$34 -> 2 | AS9: 2 | AT9: =AR9*AS9 -> 4 | AU9: Cape Verde | AV9: =Results!$O$39 -> 2 | AX9: =AV9*AW9 -> 0
A10: Ivory Coast | B10: =Results!$O$25 -> 4 | C10: 1 | D10: =B10*C10 -> 4 | E10: Sweden | F10: =Results!$O$30 -> 14 | G10: 2 | H10: =F10*G10 -> 28 | I10: Iran | J10: =Results!$O$35 -> 4 | K10: 1 | L10: =J10*K10 -> 4 | M10: Saudi Arabia | N10: =Results!$O$40 -> 3 | O10: 1 | P10: =N10*O10 -> 3 | R10: Ivory Coast | S10: =Results!$O$25 -> 4 | T10: 1 | U10: =S10*T10 -> 4 | V10: Sweden | W10: =Results!$O$30 -> 14 | X10: 2 | Y10: =W10*X10 -> 28 | Z10: Iran | AA10: =Results!$O$35 -> 4 | AB10: 1 | AC10: =AA10*AB10 -> 4 | AD10: Saudi Arabia | AE10: =Results!$O$40 -> 3 | AF10: 1 | AG10: =AE10*AF10 -> 3 | AI10: Ivory Coast | AJ10: =Results!$O$25 -> 4 | AK10: 1 | AL10: =AJ10*AK10 -> 4 | AM10: Sweden | AN10: =Results!$O$30 -> 14 | AO10: 1 | AP10: =AN10*AO10 -> 14 | AQ10: Iran | AR10: =Results!$O$35 -> 4 | AT10: =AR10*AS10 -> 0 | AU10: Saudi Arabia | AV10: =Results!$O$40 -> 3 | AW10: 1 | AX10: =AV10*AW10 -> 3
A11: Ecuador | B11: =Results!$O$26 -> -2 | C11: 2 | D11: =B11*C11 -> -4 | E11: Tunisia | F11: =Results!$O$31 -> -4 | H11: =F11*G11 -> 0 | I11: New Zealand | J11: =Results!$O$36 -> 5 | L11: =J11*K11 -> 0 | M11: Uruguay | N11: =Results!$O$41 -> 4 | O11: 2 | P11: =N11*O11 -> 8 | R11: Ecuador | S11: =Results!$O$26 -> -2 | T11: 2 | U11: =S11*T11 -> -4 | V11: Tunisia | W11: =Results!$O$31 -> -4 | Y11: =W11*X11 -> 0 | Z11: New Zealand | AA11: =Results!$O$36 -> 5 | AC11: =AA11*AB11 -> 0 | AD11: Uruguay | AE11: =Results!$O$41 -> 4 | AF11: 2 | AG11: =AE11*AF11 -> 8 | AI11: Ecuador | AJ11: =Results!$O$26 -> -2 | AK11: 2 | AL11: =AJ11*AK11 -> -4 | AM11: Tunisia | AN11: =Results!$O$31 -> -4 | AP11: =AN11*AO11 -> 0 | AQ11: New Zealand | AR11: =Results!$O$36 -> 5 | AS11: 1 | AT11: =AR11*AS11 -> 5 | AU11: Uruguay | AV11: =Results!$O$41 -> 4 | AW11: 2 | AX11: =AV11*AW11 -> 8
A12: Group I | B12: Score | C12: Multiplier | D12: Points | E12: Group J | F12: Score | G12: Multiplier | H12: Points | I12: Group K | J12: Score | K12: Multiplier | L12: Points | M12: Group L | N12: Score | O12: Multiplier | P12: Points | R12: Group I | S12: Score | T12: Multiplier | U12: Points | V12: Group J | W12: Score | X12: Multiplier | Y12: Points | Z12: Group K | AA12: Score | AB12: Multiplier | AC12: Points | AD12: Group L | AE12: Score | AF12: Multiplier | AG12: Points | AI12: Group I | AJ12: Score | AK12: Multiplier | AL12: Points | AM12: Group J | AN12: Score | AO12: Multiplier | AP12: Points | AQ12: Group K | AR12: Score | AS12: Multiplier | AT12: Points | AU12: Group L | AV12: Score | AW12: Multiplier | AX12: Points
A13: France | B13: =Results!$O$43 -> 10 | C13: 3 | D13: =B13*C13 -> 30 | E13: Argentina | F13: =Results!$O$48 -> 11 | G13: 3 | H13: =F13*G13 -> 33 | I13: Portugal | J13: =Results!$O$53 -> 1 | K13: 3 | L13: =J13*K13 -> 3 | M13: England | N13: =Results!$O$58 -> 11 | O13: 3 | P13: =N13*O13 -> 33 | R13: France | S13: =Results!$O$43 -> 10 | T13: 5 | U13: =S13*T13 -> 50 | V13: Argentina | W13: =Results!$O$48 -> 11 | X13: 3 | Y13: =W13*X13 -> 33 | Z13: Portugal | AA13: =Results!$O$53 -> 1 | AB13: 3 | AC13: =AA13*AB13 -> 3 | AD13: England | AE13: =Results!$O$58 -> 11 | AF13: 3 | AG13: =AE13*AF13 -> 33 | AI13: France | AJ13: =Results!$O$43 -> 10 | AK13: 5 | AL13: =AJ13*AK13 -> 50 | AM13: Argentina | AN13: =Results!$O$48 -> 11 | AO13: 3 | AP13: =AN13*AO13 -> 33 | AQ13: Portugal | AR13: =Results!$O$53 -> 1 | AS13: 3 | AT13: =AR13*AS13 -> 3 | AU13: England | AV13: =Results!$O$58 -> 11 | AW13: 3 | AX13: =AV13*AW13 -> 33
A14: Senegal | B14: =Results!$O$44 -> -1 | C14: 1 | D14: =B14*C14 -> -1 | E14: Algeria | F14: =Results!$O$49 -> -3 | G14: 2 | H14: =F14*G14 -> -6 | I14: Congo | J14: =Results!$O$54 -> 3 | K14: 1 | L14: =J14*K14 -> 3 | M14: Croatia | N14: =Results!$O$59 -> 0 | O14: 2 | P14: =N14*O14 -> 0 | R14: Senegal | S14: =Results!$O$44 -> -1 | T14: 2 | U14: =S14*T14 -> -2 | V14: Algeria | W14: =Results!$O$49 -> -3 | X14: 1 | Y14: =W14*X14 -> -3 | Z14: Congo | AA14: =Results!$O$54 -> 3 | AC14: =AA14*AB14 -> 0 | AD14: Croatia | AE14: =Results!$O$59 -> 0 | AF14: 1 | AG14: =AE14*AF14 -> 0 | AI14: Senegal | AJ14: =Results!$O$44 -> -1 | AK14: 2 | AL14: =AJ14*AK14 -> -2 | AM14: Algeria | AN14: =Results!$O$49 -> -3 | AO14: 2 | AP14: =AN14*AO14 -> -6 | AQ14: Congo | AR14: =Results!$O$54 -> 3 | AS14: 1 | AT14: =AR14*AS14 -> 3 | AU14: Croatia | AV14: =Results!$O$59 -> 0 | AW14: 2 | AX14: =AV14*AW14 -> 0
A15: Iraq | B15: =Results!$O$45 -> -3 | D15: =B15*C15 -> 0 | E15: Austria | F15: =Results!$O$50 -> 9 | G15: 1 | H15: =F15*G15 -> 9 | I15: Uzebekistan | J15: =Results!$O$55 -> -2 | L15: =J15*K15 -> 0 | M15: Ghana | N15: =Results!$O$60 -> 6 | O15: 1 | P15: =N15*O15 -> 6 | R15: Iraq | S15: =Results!$O$45 -> -3 | T15: 1 | U15: =S15*T15 -> -3 | V15: Austria | W15: =Results!$O$50 -> 9 | X15: 2 | Y15: =W15*X15 -> 18 | Z15: Uzebekistan | AA15: =Results!$O$55 -> -2 | AB15: 1 | AC15: =AA15*AB15 -> -2 | AD15: Ghana | AE15: =Results!$O$60 -> 6 | AF15: 2 | AG15: =AE15*AF15 -> 12 | AI15: Iraq | AJ15: =Results!$O$45 -> -3 | AK15: 1 | AL15: =AJ15*AK15 -> -3 | AM15: Austria | AN15: =Results!$O$50 -> 9 | AO15: 1 | AP15: =AN15*AO15 -> 9 | AQ15: Uzebekistan | AR15: =Results!$O$55 -> -2 | AT15: =AR15*AS15 -> 0 | AU15: Ghana | AV15: =Results!$O$60 -> 6 | AW15: 1 | AX15: =AV15*AW15 -> 6
A16: Norway | B16: =Results!$O$46 -> 12 | C16: 2 | D16: =B16*C16 -> 24 | E16: Jordan | F16: =Results!$O$51 -> -1 | H16: =F16*G16 -> 0 | I16: Colombia | J16: =Results!$O$56 -> 9 | K16: 2 | L16: =J16*K16 -> 18 | M16: Panama | N16: =Results!$O$61 -> -3 | P16: =N16*O16 -> 0 | R16: Norway | S16: =Results!$O$46 -> 12 | T16: 3 | U16: =S16*T16 -> 36 | V16: Jordan | W16: =Results!$O$51 -> -1 | Y16: =W16*X16 -> 0 | Z16: Colombia | AA16: =Results!$O$56 -> 9 | AB16: 2 | AC16: =AA16*AB16 -> 18 | AD16: Panama | AE16: =Results!$O$61 -> -3 | AG16: =AE16*AF16 -> 0 | AI16: Norway | AJ16: =Results!$O$46 -> 12 | AK16: 3 | AL16: =AJ16*AK16 -> 36 | AM16: Jordan | AN16: =Results!$O$51 -> -1 | AP16: =AN16*AO16 -> 0 | AQ16: Colombia | AR16: =Results!$O$56 -> 9 | AS16: 2 | AT16: =AR16*AS16 -> 18 | AU16: Panama | AV16: =Results!$O$61 -> -3 | AX16: =AV16*AW16 -> 0
A18: Name: | B18: Nash Dresner (P) | M18: Total: | N18: =SUM(D20:D23,D25:D28,H20:H23,H25:H28,L20:L23,L25:L28,P20:P23,P25:P28,D30:D33,H30:H33,L30:L33,P30:P33) -> 403 | R18: Name: | S18: Max Maike (P) | AD18: Total: | AE18: =SUM(U20:U23,U25:U28,Y20:Y23, Y25:Y28,AC20:AC23,AC25:AC28,AG20:AG23,AG25:AG28,U30:U33,Y30:Y33,AC30:AC33,AG30:AG33) -> 378 | AI18: Name: | AJ18: Gavin Fuchs (P) | AU18: Total: | AV18: =SUM(AL20:AL23,AL25:AL28,AP20:AP23, AP25:AP28,AT20:AT23,AT25:AT28,AX20:AX23,AX25:AX28,AL30:AL33,AP30:AP33,AT30:AT33,AX30:AX33) -> 382
A19: Group A | B19: Score | C19: Multiplier | D19: Points | E19: Group B | F19: Score | G19: Multiplier | H19: Points | I19: Group C | J19: Score | K19: Multiplier | L19: Points | M19: Group D | N19: Score | O19: Multiplier | P19: Points | R19: Group A | S19: Score | T19: Multiplier | U19: Points | V19: Group B | W19: Score | X19: Multiplier | Y19: Points | Z19: Group C | AA19: Score | AB19: Multiplier | AC19: Points | AD19: Group D | AE19: Score | AF19: Multiplier | AG19: Points | AI19: Group A | AJ19: Score | AK19: Multiplier | AL19: Points | AM19: Group B | AN19: Score | AO19: Multiplier | AP19: Points | AQ19: Group C | AR19: Score | AS19: Multiplier | AT19: Points | AU19: Group D | AV19: Score | AW19: Multiplier | AX19: Points
A20: Mexico | B20: =Results!$O$3 -> 3 | C20: 3 | D20: =B20*C20 -> 9 | E20: Canada | F20: =Results!$O$8 -> 2 | G20: 2 | H20: =F20*G20 -> 4 | I20: Brazil | J20: =Results!$O$13 -> 2 | K20: 3 | L20: =J20*K20 -> 6 | M20: USA | N20: =Results!$O$18 -> 11 | O20: 3 | P20: =N20*O20 -> 33 | R20: Mexico | S20: =Results!$O$3 -> 3 | T20: 2 | U20: =S20*T20 -> 6 | V20: Canada | W20: =Results!$O$8 -> 2 | X20: 3 | Y20: =W20*X20 -> 6 | Z20: Brazil | AA20: =Results!$O$13 -> 2 | AB20: 3 | AC20: =AA20*AB20 -> 6 | AD20: USA | AE20: =Results!$O$18 -> 11 | AF20: 1 | AG20: =AE20*AF20 -> 11 | AI20: Mexico | AJ20: =Results!$O$3 -> 3 | AK20: 3 | AL20: =AJ20*AK20 -> 9 | AM20: Canada | AN20: =Results!$O$8 -> 2 | AO20: 2 | AP20: =AN20*AO20 -> 4 | AQ20: Brazil | AR20: =Results!$O$13 -> 2 | AS20: 3 | AT20: =AR20*AS20 -> 6 | AU20: USA | AV20: =Results!$O$18 -> 11 | AW20: 3 | AX20: =AV20*AW20 -> 33
A21: Sth Africa | B21: =Results!$O$4 -> -14 | D21: =B21*C21 -> 0 | E21: Bosnia | F21: =Results!$O$9 -> 1 | G21: 1 | H21: =F21*G21 -> 1 | I21: Morocco | J21: =Results!$O$14 -> 4 | K21: 2 | L21: =J21*K21 -> 8 | M21: Paraguay | N21: =Results!$O$19 -> -7 | P21: =N21*O21 -> 0 | R21: Sth Africa | S21: =Results!$O$4 -> -14 | T21: 1 | U21: =S21*T21 -> -14 | V21: Bosnia | W21: =Results!$O$9 -> 1 | Y21: =W21*X21 -> 0 | Z21: Morocco | AA21: =Results!$O$14 -> 4 | AB21: 1 | AC21: =AA21*AB21 -> 4 | AD21: Paraguay | AE21: =Results!$O$19 -> -7 | AG21: =AE21*AF21 -> 0 | AI21: Sth Africa | AJ21: =Results!$O$4 -> -14 | AL21: =AJ21*AK21 -> 0 | AM21: Bosnia | AN21: =Results!$O$9 -> 1 | AP21: =AN21*AO21 -> 0 | AQ21: Morocco | AR21: =Results!$O$14 -> 4 | AS21: 2 | AT21: =AR21*AS21 -> 8 | AU21: Paraguay | AV21: =Results!$O$19 -> -7 | AW21: 1 | AX21: =AV21*AW21 -> -7
A22: Korea Rep | B22: =Results!$O$5 -> 7 | C22: 2 | D22: =B22*C22 -> 14 | E22: Qatar | F22: =Results!$O$10 -> 2 | H22: =F22*G22 -> 0 | I22: Haiti | J22: =Results!$O$15 -> -2 | L22: =J22*K22 -> 0 | M22: Australia | N22: =Results!$O$20 -> 9 | O22: 1 | P22: =N22*O22 -> 9 | R22: Korea Rep | S22: =Results!$O$5 -> 7 | U22: =S22*T22 -> 0 | V22: Qatar | W22: =Results!$O$10 -> 2 | X22: 1 | Y22: =W22*X22 -> 2 | Z22: Haiti | AA22: =Results!$O$15 -> -2 | AC22: =AA22*AB22 -> 0 | AD22: Australia | AE22: =Results!$O$20 -> 9 | AF22: 3 | AG22: =AE22*AF22 -> 27 | AI22: Korea Rep | AJ22: =Results!$O$5 -> 7 | AK22: 2 | AL22: =AJ22*AK22 -> 14 | AM22: Qatar | AN22: =Results!$O$10 -> 2 | AO22: 1 | AP22: =AN22*AO22 -> 2 | AQ22: Haiti | AR22: =Results!$O$15 -> -2 | AT22: =AR22*AS22 -> 0 | AU22: Australia | AV22: =Results!$O$20 -> 9 | AX22: =AV22*AW22 -> 0
A23: Czechia | B23: =Results!$O$6 -> 0 | C23: 1 | D23: =B23*C23 -> 0 | E23: Switzerland | F23: =Results!$O$11 -> 3 | G23: 3 | H23: =F23*G23 -> 9 | I23: Scotland | J23: =Results!$O$16 -> 4 | K23: 1 | L23: =J23*K23 -> 4 | M23: Turkey | N23: =Results!$O$21 -> -3 | O23: 2 | P23: =N23*O23 -> -6 | R23: Czechia | S23: =Results!$O$6 -> 0 | T23: 3 | U23: =S23*T23 -> 0 | V23: Switzerland | W23: =Results!$O$11 -> 3 | X23: 2 | Y23: =W23*X23 -> 6 | Z23: Scotland | AA23: =Results!$O$16 -> 4 | AB23: 2 | AC23: =AA23*AB23 -> 8 | AD23: Turkey | AE23: =Results!$O$21 -> -3 | AF23: 2 | AG23: =AE23*AF23 -> -6 | AI23: Czechia | AJ23: =Results!$O$6 -> 0 | AK23: 1 | AL23: =AJ23*AK23 -> 0 | AM23: Switzerland | AN23: =Results!$O$11 -> 3 | AO23: 3 | AP23: =AN23*AO23 -> 9 | AQ23: Scotland | AR23: =Results!$O$16 -> 4 | AS23: 1 | AT23: =AR23*AS23 -> 4 | AU23: Turkey | AV23: =Results!$O$21 -> -3 | AW23: 2 | AX23: =AV23*AW23 -> -6
A24: Group E | B24: Score | C24: Multiplier | D24: Points | E24: Group F | F24: Score | G24: Multiplier | H24: Points | I24: Group G | J24: Score | K24: Multiplier | L24: Points | M24: Group H | N24: Score | O24: Multiplier | P24: Points | R24: Group E | S24: Score | T24: Multiplier | U24: Points | V24: Group F | W24: Score | X24: Multiplier | Y24: Points | Z24: Group G | AA24: Score | AB24: Multiplier | AC24: Points | AD24: Group H | AE24: Score | AF24: Multiplier | AG24: Points | AI24: Group E | AJ24: Score | AK24: Multiplier | AL24: Points | AM24: Group F | AN24: Score | AO24: Multiplier | AP24: Points | AQ24: Group G | AR24: Score | AS24: Multiplier | AT24: Points | AU24: Group H | AV24: Score | AW24: Multiplier | AX24: Points
A25: Germany | B25: =Results!$O$23 -> 18 | C25: 3 | D25: =B25*C25 -> 54 | E25: Netherlands | F25: =Results!$O$28 -> 2 | G25: 2 | H25: =F25*G25 -> 4 | I25: Belgium | J25: =Results!$O$33 -> 2 | K25: 3 | L25: =J25*K25 -> 6 | M25: Spain | N25: =Results!$O$38 -> 2 | O25: 3 | P25: =N25*O25 -> 6 | R25: Germany | S25: =Results!$O$23 -> 18 | T25: 5 | U25: =S25*T25 -> 90 | V25: Netherlands | W25: =Results!$O$28 -> 2 | X25: 3 | Y25: =W25*X25 -> 6 | Z25: Belgium | AA25: =Results!$O$33 -> 2 | AB25: 3 | AC25: =AA25*AB25 -> 6 | AD25: Spain | AE25: =Results!$O$38 -> 2 | AF25: 3 | AG25: =AE25*AF25 -> 6 | AI25: Germany | AJ25: =Results!$O$23 -> 18 | AK25: 3 | AL25: =AJ25*AK25 -> 54 | AM25: Netherlands | AN25: =Results!$O$28 -> 2 | AO25: 3 | AP25: =AN25*AO25 -> 6 | AQ25: Belgium | AR25: =Results!$O$33 -> 2 | AS25: 3 | AT25: =AR25*AS25 -> 6 | AU25: Spain | AV25: =Results!$O$38 -> 2 | AW25: 3 | AX25: =AV25*AW25 -> 6
A26: Curacao | B26: =Results!$O$24 -> -5 | D26: =B26*C26 -> 0 | E26: Japan | F26: =Results!$O$29 -> 5 | G26: 3 | H26: =F26*G26 -> 15 | I26: Egypt | J26: =Results!$O$34 -> 2 | K26: 2 | L26: =J26*K26 -> 4 | M26: Cape Verde | N26: =Results!$O$39 -> 2 | P26: =N26*O26 -> 0 | R26: Curacao | S26: =Results!$O$24 -> -5 | T26: 1 | U26: =S26*T26 -> -5 | V26: Japan | W26: =Results!$O$29 -> 5 | X26: 1 | Y26: =W26*X26 -> 5 | Z26: Egypt | AA26: =Results!$O$34 -> 2 | AB26: 2 | AC26: =AA26*AB26 -> 4 | AD26: Cape Verde | AE26: =Results!$O$39 -> 2 | AG26: =AE26*AF26 -> 0 | AI26: Curacao | AJ26: =Results!$O$24 -> -5 | AL26: =AJ26*AK26 -> 0 | AM26: Japan | AN26: =Results!$O$29 -> 5 | AO26: 2 | AP26: =AN26*AO26 -> 10 | AQ26: Egypt | AR26: =Results!$O$34 -> 2 | AS26: 2 | AT26: =AR26*AS26 -> 4 | AU26: Cape Verde | AV26: =Results!$O$39 -> 2 | AX26: =AV26*AW26 -> 0
A27: Ivory Coast | B27: =Results!$O$25 -> 4 | C27: 1 | D27: =B27*C27 -> 4 | E27: Sweden | F27: =Results!$O$30 -> 14 | G27: 1 | H27: =F27*G27 -> 14 | I27: Iran | J27: =Results!$O$35 -> 4 | L27: =J27*K27 -> 0 | M27: Saudi Arabia | N27: =Results!$O$40 -> 3 | O27: 1 | P27: =N27*O27 -> 3 | R27: Ivory Coast | S27: =Results!$O$25 -> 4 | T27: 2 | U27: =S27*T27 -> 8 | V27: Sweden | W27: =Results!$O$30 -> 14 | X27: 2 | Y27: =W27*X27 -> 28 | Z27: Iran | AA27: =Results!$O$35 -> 4 | AC27: =AA27*AB27 -> 0 | AD27: Saudi Arabia | AE27: =Results!$O$40 -> 3 | AF27: 1 | AG27: =AE27*AF27 -> 3 | AI27: Ivory Coast | AJ27: =Results!$O$25 -> 4 | AK27: 2 | AL27: =AJ27*AK27 -> 8 | AM27: Sweden | AN27: =Results!$O$30 -> 14 | AO27: 1 | AP27: =AN27*AO27 -> 14 | AQ27: Iran | AR27: =Results!$O$35 -> 4 | AT27: =AR27*AS27 -> 0 | AU27: Saudi Arabia | AV27: =Results!$O$40 -> 3 | AW27: 1 | AX27: =AV27*AW27 -> 3
A28: Ecuador | B28: =Results!$O$26 -> -2 | C28: 2 | D28: =B28*C28 -> -4 | E28: Tunisia | F28: =Results!$O$31 -> -4 | H28: =F28*G28 -> 0 | I28: New Zealand | J28: =Results!$O$36 -> 5 | K28: 1 | L28: =J28*K28 -> 5 | M28: Uruguay | N28: =Results!$O$41 -> 4 | O28: 2 | P28: =N28*O28 -> 8 | R28: Ecuador | S28: =Results!$O$26 -> -2 | T28: 3 | U28: =S28*T28 -> -6 | V28: Tunisia | W28: =Results!$O$31 -> -4 | Y28: =W28*X28 -> 0 | Z28: New Zealand | AA28: =Results!$O$36 -> 5 | AB28: 1 | AC28: =AA28*AB28 -> 5 | AD28: Uruguay | AE28: =Results!$O$41 -> 4 | AF28: 2 | AG28: =AE28*AF28 -> 8 | AI28: Ecuador | AJ28: =Results!$O$26 -> -2 | AK28: 1 | AL28: =AJ28*AK28 -> -2 | AM28: Tunisia | AN28: =Results!$O$31 -> -4 | AP28: =AN28*AO28 -> 0 | AQ28: New Zealand | AR28: =Results!$O$36 -> 5 | AS28: 1 | AT28: =AR28*AS28 -> 5 | AU28: Uruguay | AV28: =Results!$O$41 -> 4 | AW28: 2 | AX28: =AV28*AW28 -> 8
A29: Group I | B29: Score | C29: Multiplier | D29: Points | E29: Group J | F29: Score | G29: Multiplier | H29: Points | I29: Group K | J29: Score | K29: Multiplier | L29: Points | M29: Group L | N29: Score | O29: Multiplier | P29: Points | R29: Group I | S29: Score | T29: Multiplier | U29: Points | V29: Group J | W29: Score | X29: Multiplier | Y29: Points | Z29: Group K | AA29: Score | AB29: Multiplier | AC29: Points | AD29: Group L | AE29: Score | AF29: Multiplier | AG29: Points | AI29: Group I | AJ29: Score | AK29: Multiplier | AL29: Points | AM29: Group J | AN29: Score | AO29: Multiplier | AP29: Points | AQ29: Group K | AR29: Score | AS29: Multiplier | AT29: Points | AU29: Group L | AV29: Score | AW29: Multiplier | AX29: Points
A30: France | B30: =Results!$O$43 -> 10 | C30: 2 | D30: =B30*C30 -> 20 | E30: Argentina | F30: =Results!$O$48 -> 11 | G30: 3 | H30: =F30*G30 -> 33 | I30: Portugal | J30: =Results!$O$53 -> 1 | K30: 3 | L30: =J30*K30 -> 3 | M30: England | N30: =Results!$O$58 -> 11 | O30: 5 | P30: =N30*O30 -> 55 | R30: France | S30: =Results!$O$43 -> 10 | T30: 3 | U30: =S30*T30 -> 30 | V30: Argentina | W30: =Results!$O$48 -> 11 | X30: 3 | Y30: =W30*X30 -> 33 | Z30: Portugal | AA30: =Results!$O$53 -> 1 | AB30: 3 | AC30: =AA30*AB30 -> 3 | AD30: England | AE30: =Results!$O$58 -> 11 | AF30: 3 | AG30: =AE30*AF30 -> 33 | AI30: France | AJ30: =Results!$O$43 -> 10 | AK30: 3 | AL30: =AJ30*AK30 -> 30 | AM30: Argentina | AN30: =Results!$O$48 -> 11 | AO30: 3 | AP30: =AN30*AO30 -> 33 | AQ30: Portugal | AR30: =Results!$O$53 -> 1 | AS30: 3 | AT30: =AR30*AS30 -> 3 | AU30: England | AV30: =Results!$O$58 -> 11 | AW30: 5 | AX30: =AV30*AW30 -> 55
A31: Senegal | B31: =Results!$O$44 -> -1 | C31: 1 | D31: =B31*C31 -> -1 | E31: Algeria | F31: =Results!$O$49 -> -3 | H31: =F31*G31 -> 0 | I31: Congo | J31: =Results!$O$54 -> 3 | K31: 1 | L31: =J31*K31 -> 3 | M31: Croatia | N31: =Results!$O$59 -> 0 | O31: 3 | P31: =N31*O31 -> 0 | R31: Senegal | S31: =Results!$O$44 -> -1 | U31: =S31*T31 -> 0 | V31: Algeria | W31: =Results!$O$49 -> -3 | Y31: =W31*X31 -> 0 | Z31: Congo | AA31: =Results!$O$54 -> 3 | AB31: 1 | AC31: =AA31*AB31 -> 3 | AD31: Croatia | AE31: =Results!$O$59 -> 0 | AF31: 2 | AG31: =AE31*AF31 -> 0 | AI31: Senegal | AJ31: =Results!$O$44 -> -1 | AK31: 1 | AL31: =AJ31*AK31 -> -1 | AM31: Algeria | AN31: =Results!$O$49 -> -3 | AO31: 1 | AP31: =AN31*AO31 -> -3 | AQ31: Congo | AR31: =Results!$O$54 -> 3 | AT31: =AR31*AS31 -> 0 | AU31: Croatia | AV31: =Results!$O$59 -> 0 | AW31: 3 | AX31: =AV31*AW31 -> 0
A32: Iraq | B32: =Results!$O$45 -> -3 | D32: =B32*C32 -> 0 | E32: Austria | F32: =Results!$O$50 -> 9 | G32: 2 | H32: =F32*G32 -> 18 | I32: Uzebekistan | J32: =Results!$O$55 -> -2 | L32: =J32*K32 -> 0 | M32: Ghana | N32: =Results!$O$60 -> 6 | O32: 2 | P32: =N32*O32 -> 12 | R32: Iraq | S32: =Results!$O$45 -> -3 | T32: 1 | U32: =S32*T32 -> -3 | V32: Austria | W32: =Results!$O$50 -> 9 | X32: 2 | Y32: =W32*X32 -> 18 | Z32: Uzebekistan | AA32: =Results!$O$55 -> -2 | AC32: =AA32*AB32 -> 0 | AD32: Ghana | AE32: =Results!$O$60 -> 6 | AF32: 1 | AG32: =AE32*AF32 -> 6 | AI32: Iraq | AJ32: =Results!$O$45 -> -3 | AL32: =AJ32*AK32 -> 0 | AM32: Austria | AN32: =Results!$O$50 -> 9 | AO32: 2 | AP32: =AN32*AO32 -> 18 | AQ32: Uzebekistan | AR32: =Results!$O$55 -> -2 | AS32: 1 | AT32: =AR32*AS32 -> -2 | AU32: Ghana | AV32: =Results!$O$60 -> 6 | AW32: 2 | AX32: =AV32*AW32 -> 12
A33: Norway | B33: =Results!$O$46 -> 12 | C33: 3 | D33: =B33*C33 -> 36 | E33: Jordan | F33: =Results!$O$51 -> -1 | G33: 1 | H33: =F33*G33 -> -1 | I33: Colombia | J33: =Results!$O$56 -> 9 | K33: 2 | L33: =J33*K33 -> 18 | M33: Panama | N33: =Results!$O$61 -> -3 | O33: 1 | P33: =N33*O33 -> -3 | R33: Norway | S33: =Results!$O$46 -> 12 | T33: 2 | U33: =S33*T33 -> 24 | V33: Jordan | W33: =Results!$O$51 -> -1 | X33: 1 | Y33: =W33*X33 -> -1 | Z33: Colombia | AA33: =Results!$O$56 -> 9 | AB33: 2 | AC33: =AA33*AB33 -> 18 | AD33: Panama | AE33: =Results!$O$61 -> -3 | AG33: =AE33*AF33 -> 0 | AI33: Norway | AJ33: =Results!$O$46 -> 12 | AK33: 2 | AL33: =AJ33*AK33 -> 24 | AM33: Jordan | AN33: =Results!$O$51 -> -1 | AP33: =AN33*AO33 -> 0 | AQ33: Colombia | AR33: =Results!$O$56 -> 9 | AS33: 2 | AT33: =AR33*AS33 -> 18 | AU33: Panama | AV33: =Results!$O$61 -> -3 | AW33: 1 | AX33: =AV33*AW33 -> -3
A35: Name: | B35: Kevin Lippy (P) | M35: Total: | N35: =SUM(D37:D40,D42:D45,H37:H40, H42:H45,L37:L40,L42:L45,P37:P40,P42:P45,D47:D50,H47:H50,L47:L50,P47:P50) -> 375 | R35: Name: | S35: Josh Luff (P) | AD35: Total: | AE35: =SUM(U37:U40,U42:U45,Y37:Y40, Y42:Y45,AC37:AC40,AC42:AC45,AG37:AG40,AG42:AG45,U47:U50,Y47:Y50,AC47:AC50,AG47:AG50) -> 317 | AI35: Name: | AJ35: Ivan Fuchs (P) | AU35: Total: | AV35: =SUM(AL37:AL40,AL42:AL45,AP37:AP40, AP42:AP45,AT37:AT40,AT42:AT45,AX37:AX40,AX42:AX45,AL47:AL50,AP47:AP50,AT47:AT50,AX47:AX50) -> 363
A36: Group A | B36: Score | C36: Multiplier | D36: Points | E36: Group B | F36: Score | G36: Multiplier | H36: Points | I36: Group C | J36: Score | K36: Multiplier | L36: Points | M36: Group D | N36: Score | O36: Multiplier | P36: Points | R36: Group A | S36: Score | T36: Multiplier | U36: Points | V36: Group B | W36: Score | X36: Multiplier | Y36: Points | Z36: Group C | AA36: Score | AB36: Multiplier | AC36: Points | AD36: Group D | AE36: Score | AF36: Multiplier | AG36: Points | AI36: Group A | AJ36: Score | AK36: Multiplier | AL36: Points | AM36: Group B | AN36: Score | AO36: Multiplier | AP36: Points | AQ36: Group C | AR36: Score | AS36: Multiplier | AT36: Points | AU36: Group D | AV36: Score | AW36: Multiplier | AX36: Points
A37: Mexico | B37: =Results!$O$3 -> 3 | C37: 3 | D37: =B37*C37 -> 9 | E37: Canada | F37: =Results!$O$8 -> 2 | G37: 2 | H37: =F37*G37 -> 4 | I37: Brazil | J37: =Results!$O$13 -> 2 | K37: 3 | L37: =J37*K37 -> 6 | M37: USA | N37: =Results!$O$18 -> 11 | O37: 3 | P37: =N37*O37 -> 33 | R37: Mexico | S37: =Results!$O$3 -> 3 | T37: 3 | U37: =S37*T37 -> 9 | V37: Canada | W37: =Results!$O$8 -> 2 | X37: 2 | Y37: =W37*X37 -> 4 | Z37: Brazil | AA37: =Results!$O$13 -> 2 | AB37: 3 | AC37: =AA37*AB37 -> 6 | AD37: USA | AE37: =Results!$O$18 -> 11 | AF37: 1 | AG37: =AE37*AF37 -> 11 | AI37: Mexico | AJ37: =Results!$O$3 -> 3 | AK37: 3 | AL37: =AJ37*AK37 -> 9 | AM37: Canada | AN37: =Results!$O$8 -> 2 | AO37: 2 | AP37: =AN37*AO37 -> 4 | AQ37: Brazil | AR37: =Results!$O$13 -> 2 | AS37: 3 | AT37: =AR37*AS37 -> 6 | AU37: USA | AV37: =Results!$O$18 -> 11 | AW37: 3 | AX37: =AV37*AW37 -> 33
A38: Sth Africa | B38: =Results!$O$4 -> -14 | D38: =B38*C38 -> 0 | E38: Bosnia | F38: =Results!$O$9 -> 1 | G38: 1 | H38: =F38*G38 -> 1 | I38: Morocco | J38: =Results!$O$14 -> 4 | K38: 2 | L38: =J38*K38 -> 8 | M38: Paraguay | N38: =Results!$O$19 -> -7 | O38: 1 | P38: =N38*O38 -> -7 | R38: Sth Africa | S38: =Results!$O$4 -> -14 | T38: 1 | U38: =S38*T38 -> -14 | V38: Bosnia | W38: =Results!$O$9 -> 1 | X38: 1 | Y38: =W38*X38 -> 1 | Z38: Morocco | AA38: =Results!$O$14 -> 4 | AB38: 1 | AC38: =AA38*AB38 -> 4 | AD38: Paraguay | AE38: =Results!$O$19 -> -7 | AF38: 3 | AG38: =AE38*AF38 -> -21 | AI38: Sth Africa | AJ38: =Results!$O$4 -> -14 | AL38: =AJ38*AK38 -> 0 | AM38: Bosnia | AN38: =Results!$O$9 -> 1 | AP38: =AN38*AO38 -> 0 | AQ38: Morocco | AR38: =Results!$O$14 -> 4 | AS38: 2 | AT38: =AR38*AS38 -> 8 | AU38: Paraguay | AV38: =Results!$O$19 -> -7 | AW38: 2 | AX38: =AV38*AW38 -> -14
A39: Korea Rep | B39: =Results!$O$5 -> 7 | C39: 1 | D39: =B39*C39 -> 7 | E39: Qatar | F39: =Results!$O$10 -> 2 | H39: =F39*G39 -> 0 | I39: Haiti | J39: =Results!$O$15 -> -2 | L39: =J39*K39 -> 0 | M39: Australia | N39: =Results!$O$20 -> 9 | P39: =N39*O39 -> 0 | R39: Korea Rep | S39: =Results!$O$5 -> 7 | T39: 2 | U39: =S39*T39 -> 14 | V39: Qatar | W39: =Results!$O$10 -> 2 | Y39: =W39*X39 -> 0 | Z39: Haiti | AA39: =Results!$O$15 -> -2 | AC39: =AA39*AB39 -> 0 | AD39: Australia | AE39: =Results!$O$20 -> 9 | AG39: =AE39*AF39 -> 0 | AI39: Korea Rep | AJ39: =Results!$O$5 -> 7 | AK39: 1 | AL39: =AJ39*AK39 -> 7 | AM39: Qatar | AN39: =Results!$O$10 -> 2 | AO39: 1 | AP39: =AN39*AO39 -> 2 | AQ39: Haiti | AR39: =Results!$O$15 -> -2 | AT39: =AR39*AS39 -> 0 | AU39: Australia | AV39: =Results!$O$20 -> 9 | AX39: =AV39*AW39 -> 0
A40: Czechia | B40: =Results!$O$6 -> 0 | C40: 2 | D40: =B40*C40 -> 0 | E40: Switzerland | F40: =Results!$O$11 -> 3 | G40: 3 | H40: =F40*G40 -> 9 | I40: Scotland | J40: =Results!$O$16 -> 4 | K40: 1 | L40: =J40*K40 -> 4 | M40: Turkey | N40: =Results!$O$21 -> -3 | O40: 2 | P40: =N40*O40 -> -6 | R40: Czechia | S40: =Results!$O$6 -> 0 | U40: =S40*T40 -> 0 | V40: Switzerland | W40: =Results!$O$11 -> 3 | X40: 3 | Y40: =W40*X40 -> 9 | Z40: Scotland | AA40: =Results!$O$16 -> 4 | AB40: 2 | AC40: =AA40*AB40 -> 8 | AD40: Turkey | AE40: =Results!$O$21 -> -3 | AF40: 2 | AG40: =AE40*AF40 -> -6 | AI40: Czechia | AJ40: =Results!$O$6 -> 0 | AK40: 2 | AL40: =AJ40*AK40 -> 0 | AM40: Switzerland | AN40: =Results!$O$11 -> 3 | AO40: 3 | AP40: =AN40*AO40 -> 9 | AQ40: Scotland | AR40: =Results!$O$16 -> 4 | AS40: 1 | AT40: =AR40*AS40 -> 4 | AU40: Turkey | AV40: =Results!$O$21 -> -3 | AW40: 1 | AX40: =AV40*AW40 -> -3
A41: Group E | B41: Score | C41: Multiplier | D41: Points | E41: Group F | F41: Score | G41: Multiplier | H41: Points | I41: Group G | J41: Score | K41: Multiplier | L41: Points | M41: Group H | N41: Score | O41: Multiplier | P41: Points | R41: Group E | S41: Score | T41: Multiplier | U41: Points | V41: Group F | W41: Score | X41: Multiplier | Y41: Points | Z41: Group G | AA41: Score | AB41: Multiplier | AC41: Points | AD41: Group H | AE41: Score | AF41: Multiplier | AG41: Points | AI41: Group E | AJ41: Score | AK41: Multiplier | AL41: Points | AM41: Group F | AN41: Score | AO41: Multiplier | AP41: Points | AQ41: Group G | AR41: Score | AS41: Multiplier | AT41: Points | AU41: Group H | AV41: Score | AW41: Multiplier | AX41: Points
A42: Germany | B42: =Results!$O$23 -> 18 | C42: 5 | D42: =B42*C42 -> 90 | E42: Netherlands | F42: =Results!$O$28 -> 2 | G42: 3 | H42: =F42*G42 -> 6 | I42: Belgium | J42: =Results!$O$33 -> 2 | K42: 3 | L42: =J42*K42 -> 6 | M42: Spain | N42: =Results!$O$38 -> 2 | O42: 3 | P42: =N42*O42 -> 6 | R42: Germany | S42: =Results!$O$23 -> 18 | T42: 3 | U42: =S42*T42 -> 54 | V42: Netherlands | W42: =Results!$O$28 -> 2 | X42: 2 | Y42: =W42*X42 -> 4 | Z42: Belgium | AA42: =Results!$O$33 -> 2 | AB42: 3 | AC42: =AA42*AB42 -> 6 | AD42: Spain | AE42: =Results!$O$38 -> 2 | AF42: 3 | AG42: =AE42*AF42 -> 6 | AI42: Germany | AJ42: =Results!$O$23 -> 18 | AK42: 3 | AL42: =AJ42*AK42 -> 54 | AM42: Netherlands | AN42: =Results!$O$28 -> 2 | AO42: 3 | AP42: =AN42*AO42 -> 6 | AQ42: Belgium | AR42: =Results!$O$33 -> 2 | AS42: 3 | AT42: =AR42*AS42 -> 6 | AU42: Spain | AV42: =Results!$O$38 -> 2 | AW42: 3 | AX42: =AV42*AW42 -> 6
A43: Curacao | B43: =Results!$O$24 -> -5 | C43: 1 | D43: =B43*C43 -> -5 | E43: Japan | F43: =Results!$O$29 -> 5 | G43: 2 | H43: =F43*G43 -> 10 | I43: Egypt | J43: =Results!$O$34 -> 2 | K43: 2 | L43: =J43*K43 -> 4 | M43: Cape Verde | N43: =Results!$O$39 -> 2 | P43: =N43*O43 -> 0 | R43: Curacao | S43: =Results!$O$24 -> -5 | U43: =S43*T43 -> 0 | V43: Japan | W43: =Results!$O$29 -> 5 | X43: 3 | Y43: =W43*X43 -> 15 | Z43: Egypt | AA43: =Results!$O$34 -> 2 | AB43: 2 | AC43: =AA43*AB43 -> 4 | AD43: Cape Verde | AE43: =Results!$O$39 -> 2 | AG43: =AE43*AF43 -> 0 | AI43: Curacao | AJ43: =Results!$O$24 -> -5 | AL43: =AJ43*AK43 -> 0 | AM43: Japan | AN43: =Results!$O$29 -> 5 | AO43: 2 | AP43: =AN43*AO43 -> 10 | AQ43: Egypt | AR43: =Results!$O$34 -> 2 | AS43: 2 | AT43: =AR43*AS43 -> 4 | AU43: Cape Verde | AV43: =Results!$O$39 -> 2 | AX43: =AV43*AW43 -> 0
A44: Ivory Coast | B44: =Results!$O$25 -> 4 | C44: 2 | D44: =B44*C44 -> 8 | E44: Sweden | F44: =Results!$O$30 -> 14 | G44: 1 | H44: =F44*G44 -> 14 | I44: Iran | J44: =Results!$O$35 -> 4 | K44: 1 | L44: =J44*K44 -> 4 | M44: Saudi Arabia | N44: =Results!$O$40 -> 3 | O44: 1 | P44: =N44*O44 -> 3 | R44: Ivory Coast | S44: =Results!$O$25 -> 4 | T44: 1 | U44: =S44*T44 -> 4 | V44: Sweden | W44: =Results!$O$30 -> 14 | X44: 1 | Y44: =W44*X44 -> 14 | Z44: Iran | AA44: =Results!$O$35 -> 4 | AB44: 1 | AC44: =AA44*AB44 -> 4 | AD44: Saudi Arabia | AE44: =Results!$O$40 -> 3 | AF44: 1 | AG44: =AE44*AF44 -> 3 | AI44: Ivory Coast | AJ44: =Results!$O$25 -> 4 | AK44: 2 | AL44: =AJ44*AK44 -> 8 | AM44: Sweden | AN44: =Results!$O$30 -> 14 | AO44: 1 | AP44: =AN44*AO44 -> 14 | AQ44: Iran | AR44: =Results!$O$35 -> 4 | AT44: =AR44*AS44 -> 0 | AU44: Saudi Arabia | AV44: =Results!$O$40 -> 3 | AW44: 1 | AX44: =AV44*AW44 -> 3
A45: Ecuador | B45: =Results!$O$26 -> -2 | C45: 3 | D45: =B45*C45 -> -6 | E45: Tunisia | F45: =Results!$O$31 -> -4 | H45: =F45*G45 -> 0 | I45: New Zealand | J45: =Results!$O$36 -> 5 | L45: =J45*K45 -> 0 | M45: Uruguay | N45: =Results!$O$41 -> 4 | O45: 2 | P45: =N45*O45 -> 8 | R45: Ecuador | S45: =Results!$O$26 -> -2 | T45: 2 | U45: =S45*T45 -> -4 | V45: Tunisia | W45: =Results!$O$31 -> -4 | Y45: =W45*X45 -> 0 | Z45: New Zealand | AA45: =Results!$O$36 -> 5 | AC45: =AA45*AB45 -> 0 | AD45: Uruguay | AE45: =Results!$O$41 -> 4 | AF45: 2 | AG45: =AE45*AF45 -> 8 | AI45: Ecuador | AJ45: =Results!$O$26 -> -2 | AK45: 1 | AL45: =AJ45*AK45 -> -2 | AM45: Tunisia | AN45: =Results!$O$31 -> -4 | AP45: =AN45*AO45 -> 0 | AQ45: New Zealand | AR45: =Results!$O$36 -> 5 | AS45: 1 | AT45: =AR45*AS45 -> 5 | AU45: Uruguay | AV45: =Results!$O$41 -> 4 | AW45: 2 | AX45: =AV45*AW45 -> 8
A46: Group I | B46: Score | C46: Multiplier | D46: Points | E46: Group J | F46: Score | G46: Multiplier | H46: Points | I46: Group K | J46: Score | K46: Multiplier | L46: Points | M46: Group L | N46: Score | O46: Multiplier | P46: Points | R46: Group I | S46: Score | T46: Multiplier | U46: Points | V46: Group J | W46: Score | X46: Multiplier | Y46: Points | Z46: Group K | AA46: Score | AB46: Multiplier | AC46: Points | AD46: Group L | AE46: Score | AF46: Multiplier | AG46: Points | AI46: Group I | AJ46: Score | AK46: Multiplier | AL46: Points | AM46: Group J | AN46: Score | AO46: Multiplier | AP46: Points | AQ46: Group K | AR46: Score | AS46: Multiplier | AT46: Points | AU46: Group L | AV46: Score | AW46: Multiplier | AX46: Points
A47: France | B47: =Results!$O$43 -> 10 | C47: 3 | D47: =B47*C47 -> 30 | E47: Argentina | F47: =Results!$O$48 -> 11 | G47: 3 | H47: =F47*G47 -> 33 | I47: Portugal | J47: =Results!$O$53 -> 1 | K47: 3 | L47: =J47*K47 -> 3 | M47: England | N47: =Results!$O$58 -> 11 | O47: 3 | P47: =N47*O47 -> 33 | R47: France | S47: =Results!$O$43 -> 10 | T47: 5 | U47: =S47*T47 -> 50 | V47: Argentina | W47: =Results!$O$48 -> 11 | X47: 3 | Y47: =W47*X47 -> 33 | Z47: Portugal | AA47: =Results!$O$53 -> 1 | AB47: 3 | AC47: =AA47*AB47 -> 3 | AD47: England | AE47: =Results!$O$58 -> 11 | AF47: 3 | AG47: =AE47*AF47 -> 33 | AI47: France | AJ47: =Results!$O$43 -> 10 | AK47: 3 | AL47: =AJ47*AK47 -> 30 | AM47: Argentina | AN47: =Results!$O$48 -> 11 | AO47: 3 | AP47: =AN47*AO47 -> 33 | AQ47: Portugal | AR47: =Results!$O$53 -> 1 | AS47: 5 | AT47: =AR47*AS47 -> 5 | AU47: England | AV47: =Results!$O$58 -> 11 | AW47: 3 | AX47: =AV47*AW47 -> 33
A48: Senegal | B48: =Results!$O$44 -> -1 | C48: 1 | D48: =B48*C48 -> -1 | E48: Algeria | F48: =Results!$O$49 -> -3 | G48: 1 | H48: =F48*G48 -> -3 | I48: Congo | J48: =Results!$O$54 -> 3 | L48: =J48*K48 -> 0 | M48: Croatia | N48: =Results!$O$59 -> 0 | O48: 2 | P48: =N48*O48 -> 0 | R48: Senegal | S48: =Results!$O$44 -> -1 | T48: 3 | U48: =S48*T48 -> -3 | V48: Algeria | W48: =Results!$O$49 -> -3 | X48: 1 | Y48: =W48*X48 -> -3 | Z48: Congo | AA48: =Results!$O$54 -> 3 | AC48: =AA48*AB48 -> 0 | AD48: Croatia | AE48: =Results!$O$59 -> 0 | AF48: 2 | AG48: =AE48*AF48 -> 0 | AI48: Senegal | AJ48: =Results!$O$44 -> -1 | AK48: 1 | AL48: =AJ48*AK48 -> -1 | AM48: Algeria | AN48: =Results!$O$49 -> -3 | AO48: 1 | AP48: =AN48*AO48 -> -3 | AQ48: Congo | AR48: =Results!$O$54 -> 3 | AS48: 2 | AT48: =AR48*AS48 -> 6 | AU48: Croatia | AV48: =Results!$O$59 -> 0 | AW48: 2 | AX48: =AV48*AW48 -> 0
A49: Iraq | B49: =Results!$O$45 -> -3 | D49: =B49*C49 -> 0 | E49: Austria | F49: =Results!$O$50 -> 9 | G49: 2 | H49: =F49*G49 -> 18 | I49: Uzebekistan | J49: =Results!$O$55 -> -2 | K49: 1 | L49: =J49*K49 -> -2 | M49: Ghana | N49: =Results!$O$60 -> 6 | O49: 1 | P49: =N49*O49 -> 6 | R49: Iraq | S49: =Results!$O$45 -> -3 | T49: 1 | U49: =S49*T49 -> -3 | V49: Austria | W49: =Results!$O$50 -> 9 | X49: 2 | Y49: =W49*X49 -> 18 | Z49: Uzebekistan | AA49: =Results!$O$55 -> -2 | AB49: 1 | AC49: =AA49*AB49 -> -2 | AD49: Ghana | AE49: =Results!$O$60 -> 6 | AF49: 1 | AG49: =AE49*AF49 -> 6 | AI49: Iraq | AJ49: =Results!$O$45 -> -3 | AL49: =AJ49*AK49 -> 0 | AM49: Austria | AN49: =Results!$O$50 -> 9 | AO49: 2 | AP49: =AN49*AO49 -> 18 | AQ49: Uzebekistan | AR49: =Results!$O$55 -> -2 | AS49: 1 | AT49: =AR49*AS49 -> -2 | AU49: Ghana | AV49: =Results!$O$60 -> 6 | AW49: 1 | AX49: =AV49*AW49 -> 6
A50: Norway | B50: =Results!$O$46 -> 12 | C50: 2 | D50: =B50*C50 -> 24 | E50: Jordan | F50: =Results!$O$51 -> -1 | H50: =F50*G50 -> 0 | I50: Colombia | J50: =Results!$O$56 -> 9 | K50: 2 | L50: =J50*K50 -> 18 | M50: Panama | N50: =Results!$O$61 -> -3 | P50: =N50*O50 -> 0 | R50: Norway | S50: =Results!$O$46 -> 12 | T50: 2 | U50: =S50*T50 -> 24 | V50: Jordan | W50: =Results!$O$51 -> -1 | Y50: =W50*X50 -> 0 | Z50: Colombia | AA50: =Results!$O$56 -> 9 | AB50: 2 | AC50: =AA50*AB50 -> 18 | AD50: Panama | AE50: =Results!$O$61 -> -3 | AG50: =AE50*AF50 -> 0 | AI50: Norway | AJ50: =Results!$O$46 -> 12 | AK50: 2 | AL50: =AJ50*AK50 -> 24 | AM50: Jordan | AN50: =Results!$O$51 -> -1 | AP50: =AN50*AO50 -> 0 | AQ50: Colombia | AR50: =Results!$O$56 -> 9 | AS50: 3 | AT50: =AR50*AS50 -> 27 | AU50: Panama | AV50: =Results!$O$61 -> -3 | AX50: =AV50*AW50 -> 0
A52: Name: | B52: Alon Beran (P) | M52: Total: | N52: =SUM(D54:D57,D59:D62,H54:H57, H59:H62,L54:L57,L59:L62,P54:P57,P59:P62,D64:D67,H64:H67,L64:L67,P64:P67) -> 368 | R52: Name: | S52: Clive Baskin (P) | AD52: Total: | AE52: =SUM(U54:U57,U59:U62,Y54:Y57, Y59:Y62,AC54:AC57,AC59:AC62,AG54:AG57,AG59:AG62,U64:U67,Y64:Y67,AC64:AC67,AG64:AG67) -> 393 | AI52: Name: | AJ52: Laine Poirier (P) | AU52: Total: | AV52: =SUM(AL54:AL57,AL59:AL62,AP54:AP57, AP59:AP62,AT54:AT57,AT59:AT62,AX54:AX57,AX59:AX62,AL64:AL67,AP64:AP67,AT64:AT67,AX64:AX67) -> 382
A53: Group A | B53: Score | C53: Multiplier | D53: Points | E53: Group B | F53: Score | G53: Multiplier | H53: Points | I53: Group C | J53: Score | K53: Multiplier | L53: Points | M53: Group D | N53: Score | O53: Multiplier | P53: Points | R53: Group A | S53: Score | T53: Multiplier | U53: Points | V53: Group B | W53: Score | X53: Multiplier | Y53: Points | Z53: Group C | AA53: Score | AB53: Multiplier | AC53: Points | AD53: Group D | AE53: Score | AF53: Multiplier | AG53: Points | AI53: Group A | AJ53: Score | AK53: Multiplier | AL53: Points | AM53: Group B | AN53: Score | AO53: Multiplier | AP53: Points | AQ53: Group C | AR53: Score | AS53: Multiplier | AT53: Points | AU53: Group D | AV53: Score | AW53: Multiplier | AX53: Points
A54: Mexico | B54: =Results!$O$3 -> 3 | C54: 3 | D54: =B54*C54 -> 9 | E54: Canada | F54: =Results!$O$8 -> 2 | G54: 2 | H54: =F54*G54 -> 4 | I54: Brazil | J54: =Results!$O$13 -> 2 | K54: 3 | L54: =J54*K54 -> 6 | M54: USA | N54: =Results!$O$18 -> 11 | O54: 3 | P54: =N54*O54 -> 33 | R54: Mexico | S54: =Results!$O$3 -> 3 | T54: 3 | U54: =S54*T54 -> 9 | V54: Canada | W54: =Results!$O$8 -> 2 | X54: 2 | Y54: =W54*X54 -> 4 | Z54: Brazil | AA54: =Results!$O$13 -> 2 | AB54: 3 | AC54: =AA54*AB54 -> 6 | AD54: USA | AE54: =Results!$O$18 -> 11 | AF54: 3 | AG54: =AE54*AF54 -> 33 | AI54: Mexico | AJ54: =Results!$O$3 -> 3 | AK54: 3 | AL54: =AJ54*AK54 -> 9 | AM54: Canada | AN54: =Results!$O$8 -> 2 | AO54: 2 | AP54: =AN54*AO54 -> 4 | AQ54: Brazil | AR54: =Results!$O$13 -> 2 | AS54: 3 | AT54: =AR54*AS54 -> 6 | AU54: USA | AV54: =Results!$O$18 -> 11 | AW54: 3 | AX54: =AV54*AW54 -> 33
A55: Sth Africa | B55: =Results!$O$4 -> -14 | D55: =B55*C55 -> 0 | E55: Bosnia | F55: =Results!$O$9 -> 1 | G55: 1 | H55: =F55*G55 -> 1 | I55: Morocco | J55: =Results!$O$14 -> 4 | K55: 2 | L55: =J55*K55 -> 8 | M55: Paraguay | N55: =Results!$O$19 -> -7 | O55: 2 | P55: =N55*O55 -> -14 | R55: Sth Africa | S55: =Results!$O$4 -> -14 | T55: 1 | U55: =S55*T55 -> -14 | V55: Bosnia | W55: =Results!$O$9 -> 1 | X55: 1 | Y55: =W55*X55 -> 1 | Z55: Morocco | AA55: =Results!$O$14 -> 4 | AB55: 2 | AC55: =AA55*AB55 -> 8 | AD55: Paraguay | AE55: =Results!$O$19 -> -7 | AF55: 1 | AG55: =AE55*AF55 -> -7 | AI55: Sth Africa | AJ55: =Results!$O$4 -> -14 | AL55: =AJ55*AK55 -> 0 | AM55: Bosnia | AN55: =Results!$O$9 -> 1 | AO55: 1 | AP55: =AN55*AO55 -> 1 | AQ55: Morocco | AR55: =Results!$O$14 -> 4 | AS55: 2 | AT55: =AR55*AS55 -> 8 | AU55: Paraguay | AV55: =Results!$O$19 -> -7 | AW55: 1 | AX55: =AV55*AW55 -> -7
A56: Korea Rep | B56: =Results!$O$5 -> 7 | C56: 1 | D56: =B56*C56 -> 7 | E56: Qatar | F56: =Results!$O$10 -> 2 | H56: =F56*G56 -> 0 | I56: Haiti | J56: =Results!$O$15 -> -2 | L56: =J56*K56 -> 0 | M56: Australia | N56: =Results!$O$20 -> 9 | O56: 1 | P56: =N56*O56 -> 9 | R56: Korea Rep | S56: =Results!$O$5 -> 7 | T56: 2 | U56: =S56*T56 -> 14 | V56: Qatar | W56: =Results!$O$10 -> 2 | Y56: =W56*X56 -> 0 | Z56: Haiti | AA56: =Results!$O$15 -> -2 | AC56: =AA56*AB56 -> 0 | AD56: Australia | AE56: =Results!$O$20 -> 9 | AF56: 2 | AG56: =AE56*AF56 -> 18 | AI56: Korea Rep | AJ56: =Results!$O$5 -> 7 | AK56: 2 | AL56: =AJ56*AK56 -> 14 | AM56: Qatar | AN56: =Results!$O$10 -> 2 | AP56: =AN56*AO56 -> 0 | AQ56: Haiti | AR56: =Results!$O$15 -> -2 | AT56: =AR56*AS56 -> 0 | AU56: Australia | AV56: =Results!$O$20 -> 9 | AX56: =AV56*AW56 -> 0
A57: Czechia | B57: =Results!$O$6 -> 0 | C57: 2 | D57: =B57*C57 -> 0 | E57: Switzerland | F57: =Results!$O$11 -> 3 | G57: 3 | H57: =F57*G57 -> 9 | I57: Scotland | J57: =Results!$O$16 -> 4 | K57: 1 | L57: =J57*K57 -> 4 | M57: Turkey | N57: =Results!$O$21 -> -3 | P57: =N57*O57 -> 0 | R57: Czechia | S57: =Results!$O$6 -> 0 | U57: =S57*T57 -> 0 | V57: Switzerland | W57: =Results!$O$11 -> 3 | X57: 3 | Y57: =W57*X57 -> 9 | Z57: Scotland | AA57: =Results!$O$16 -> 4 | AB57: 1 | AC57: =AA57*AB57 -> 4 | AD57: Turkey | AE57: =Results!$O$21 -> -3 | AG57: =AE57*AF57 -> 0 | AI57: Czechia | AJ57: =Results!$O$6 -> 0 | AK57: 1 | AL57: =AJ57*AK57 -> 0 | AM57: Switzerland | AN57: =Results!$O$11 -> 3 | AO57: 3 | AP57: =AN57*AO57 -> 9 | AQ57: Scotland | AR57: =Results!$O$16 -> 4 | AS57: 1 | AT57: =AR57*AS57 -> 4 | AU57: Turkey | AV57: =Results!$O$21 -> -3 | AW57: 2 | AX57: =AV57*AW57 -> -6
A58: Group E | B58: Score | C58: Multiplier | D58: Points | E58: Group F | F58: Score | G58: Multiplier | H58: Points | I58: Group G | J58: Score | K58: Multiplier | L58: Points | M58: Group H | N58: Score | O58: Multiplier | P58: Points | R58: Group E | S58: Score | T58: Multiplier | U58: Points | V58: Group F | W58: Score | X58: Multiplier | Y58: Points | Z58: Group G | AA58: Score | AB58: Multiplier | AC58: Points | AD58: Group H | AE58: Score | AF58: Multiplier | AG58: Points | AI58: Group E | AJ58: Score | AK58: Multiplier | AL58: Points | AM58: Group F | AN58: Score | AO58: Multiplier | AP58: Points | AQ58: Group G | AR58: Score | AS58: Multiplier | AT58: Points | AU58: Group H | AV58: Score | AW58: Multiplier | AX58: Points
A59: Germany | B59: =Results!$O$23 -> 18 | C59: 3 | D59: =B59*C59 -> 54 | E59: Netherlands | F59: =Results!$O$28 -> 2 | G59: 3 | H59: =F59*G59 -> 6 | I59: Belgium | J59: =Results!$O$33 -> 2 | K59: 3 | L59: =J59*K59 -> 6 | M59: Spain | N59: =Results!$O$38 -> 2 | O59: 5 | P59: =N59*O59 -> 10 | R59: Germany | S59: =Results!$O$23 -> 18 | T59: 3 | U59: =S59*T59 -> 54 | V59: Netherlands | W59: =Results!$O$28 -> 2 | X59: 3 | Y59: =W59*X59 -> 6 | Z59: Belgium | AA59: =Results!$O$33 -> 2 | AB59: 3 | AC59: =AA59*AB59 -> 6 | AD59: Spain | AE59: =Results!$O$38 -> 2 | AF59: 3 | AG59: =AE59*AF59 -> 6 | AI59: Germany | AJ59: =Results!$O$23 -> 18 | AK59: 3 | AL59: =AJ59*AK59 -> 54 | AM59: Netherlands | AN59: =Results!$O$28 -> 2 | AO59: 3 | AP59: =AN59*AO59 -> 6 | AQ59: Belgium | AR59: =Results!$O$33 -> 2 | AS59: 3 | AT59: =AR59*AS59 -> 6 | AU59: Spain | AV59: =Results!$O$38 -> 2 | AW59: 3 | AX59: =AV59*AW59 -> 6
A60: Curacao | B60: =Results!$O$24 -> -5 | D60: =B60*C60 -> 0 | E60: Japan | F60: =Results!$O$29 -> 5 | G60: 2 | H60: =F60*G60 -> 10 | I60: Egypt | J60: =Results!$O$34 -> 2 | K60: 2 | L60: =J60*K60 -> 4 | M60: Cape Verde | N60: =Results!$O$39 -> 2 | O60: 1 | P60: =N60*O60 -> 2 | R60: Curacao | S60: =Results!$O$24 -> -5 | U60: =S60*T60 -> 0 | V60: Japan | W60: =Results!$O$29 -> 5 | X60: 2 | Y60: =W60*X60 -> 10 | Z60: Egypt | AA60: =Results!$O$34 -> 2 | AB60: 2 | AC60: =AA60*AB60 -> 4 | AD60: Cape Verde | AE60: =Results!$O$39 -> 2 | AG60: =AE60*AF60 -> 0 | AI60: Curacao | AJ60: =Results!$O$24 -> -5 | AK60: 1 | AL60: =AJ60*AK60 -> -5 | AM60: Japan | AN60: =Results!$O$29 -> 5 | AO60: 1 | AP60: =AN60*AO60 -> 5 | AQ60: Egypt | AR60: =Results!$O$34 -> 2 | AS60: 2 | AT60: =AR60*AS60 -> 4 | AU60: Cape Verde | AV60: =Results!$O$39 -> 2 | AX60: =AV60*AW60 -> 0
A61: Ivory Coast | B61: =Results!$O$25 -> 4 | C61: 1 | D61: =B61*C61 -> 4 | E61: Sweden | F61: =Results!$O$30 -> 14 | G61: 1 | H61: =F61*G61 -> 14 | I61: Iran | J61: =Results!$O$35 -> 4 | K61: 1 | L61: =J61*K61 -> 4 | M61: Saudi Arabia | N61: =Results!$O$40 -> 3 | O61: 2 | P61: =N61*O61 -> 6 | R61: Ivory Coast | S61: =Results!$O$25 -> 4 | T61: 1 | U61: =S61*T61 -> 4 | V61: Sweden | W61: =Results!$O$30 -> 14 | X61: 1 | Y61: =W61*X61 -> 14 | Z61: Iran | AA61: =Results!$O$35 -> 4 | AC61: =AA61*AB61 -> 0 | AD61: Saudi Arabia | AE61: =Results!$O$40 -> 3 | AF61: 1 | AG61: =AE61*AF61 -> 3 | AI61: Ivory Coast | AJ61: =Results!$O$25 -> 4 | AL61: =AJ61*AK61 -> 0 | AM61: Sweden | AN61: =Results!$O$30 -> 14 | AO61: 2 | AP61: =AN61*AO61 -> 28 | AQ61: Iran | AR61: =Results!$O$35 -> 4 | AS61: 1 | AT61: =AR61*AS61 -> 4 | AU61: Saudi Arabia | AV61: =Results!$O$40 -> 3 | AW61: 1 | AX61: =AV61*AW61 -> 3
A62: Ecuador | B62: =Results!$O$26 -> -2 | C62: 2 | D62: =B62*C62 -> -4 | E62: Tunisia | F62: =Results!$O$31 -> -4 | H62: =F62*G62 -> 0 | I62: New Zealand | J62: =Results!$O$36 -> 5 | L62: =J62*K62 -> 0 | M62: Uruguay | N62: =Results!$O$41 -> 4 | O62: 3 | P62: =N62*O62 -> 12 | R62: Ecuador | S62: =Results!$O$26 -> -2 | T62: 2 | U62: =S62*T62 -> -4 | V62: Tunisia | W62: =Results!$O$31 -> -4 | Y62: =W62*X62 -> 0 | Z62: New Zealand | AA62: =Results!$O$36 -> 5 | AB62: 1 | AC62: =AA62*AB62 -> 5 | AD62: Uruguay | AE62: =Results!$O$41 -> 4 | AF62: 2 | AG62: =AE62*AF62 -> 8 | AI62: Ecuador | AJ62: =Results!$O$26 -> -2 | AK62: 2 | AL62: =AJ62*AK62 -> -4 | AM62: Tunisia | AN62: =Results!$O$31 -> -4 | AP62: =AN62*AO62 -> 0 | AQ62: New Zealand | AR62: =Results!$O$36 -> 5 | AT62: =AR62*AS62 -> 0 | AU62: Uruguay | AV62: =Results!$O$41 -> 4 | AW62: 2 | AX62: =AV62*AW62 -> 8
A63: Group I | B63: Score | C63: Multiplier | D63: Points | E63: Group J | F63: Score | G63: Multiplier | H63: Points | I63: Group K | J63: Score | K63: Multiplier | L63: Points | M63: Group L | N63: Score | O63: Multiplier | P63: Points | R63: Group I | S63: Score | T63: Multiplier | U63: Points | V63: Group J | W63: Score | X63: Multiplier | Y63: Points | Z63: Group K | AA63: Score | AB63: Multiplier | AC63: Points | AD63: Group L | AE63: Score | AF63: Multiplier | AG63: Points | AI63: Group I | AJ63: Score | AK63: Multiplier | AL63: Points | AM63: Group J | AN63: Score | AO63: Multiplier | AP63: Points | AQ63: Group K | AR63: Score | AS63: Multiplier | AT63: Points | AU63: Group L | AV63: Score | AW63: Multiplier | AX63: Points
A64: France | B64: =Results!$O$43 -> 10 | C64: 3 | D64: =B64*C64 -> 30 | E64: Argentina | F64: =Results!$O$48 -> 11 | G64: 3 | H64: =F64*G64 -> 33 | I64: Portugal | J64: =Results!$O$53 -> 1 | K64: 3 | L64: =J64*K64 -> 3 | M64: England | N64: =Results!$O$58 -> 11 | O64: 3 | P64: =N64*O64 -> 33 | R64: France | S64: =Results!$O$43 -> 10 | T64: 5 | U64: =S64*T64 -> 50 | V64: Argentina | W64: =Results!$O$48 -> 11 | X64: 3 | Y64: =W64*X64 -> 33 | Z64: Portugal | AA64: =Results!$O$53 -> 1 | AB64: 3 | AC64: =AA64*AB64 -> 3 | AD64: England | AE64: =Results!$O$58 -> 11 | AF64: 3 | AG64: =AE64*AF64 -> 33 | AI64: France | AJ64: =Results!$O$43 -> 10 | AK64: 5 | AL64: =AJ64*AK64 -> 50 | AM64: Argentina | AN64: =Results!$O$48 -> 11 | AO64: 3 | AP64: =AN64*AO64 -> 33 | AQ64: Portugal | AR64: =Results!$O$53 -> 1 | AS64: 3 | AT64: =AR64*AS64 -> 3 | AU64: England | AV64: =Results!$O$58 -> 11 | AW64: 3 | AX64: =AV64*AW64 -> 33
A65: Senegal | B65: =Results!$O$44 -> -1 | C65: 1 | D65: =B65*C65 -> -1 | E65: Algeria | F65: =Results!$O$49 -> -3 | G65: 1 | H65: =F65*G65 -> -3 | I65: Congo | J65: =Results!$O$54 -> 3 | K65: 1 | L65: =J65*K65 -> 3 | M65: Croatia | N65: =Results!$O$59 -> 0 | O65: 2 | P65: =N65*O65 -> 0 | R65: Senegal | S65: =Results!$O$44 -> -1 | T65: 2 | U65: =S65*T65 -> -2 | V65: Algeria | W65: =Results!$O$49 -> -3 | X65: 1 | Y65: =W65*X65 -> -3 | Z65: Congo | AA65: =Results!$O$54 -> 3 | AB65: 1 | AC65: =AA65*AB65 -> 3 | AD65: Croatia | AE65: =Results!$O$59 -> 0 | AF65: 2 | AG65: =AE65*AF65 -> 0 | AI65: Senegal | AJ65: =Results!$O$44 -> -1 | AK65: 2 | AL65: =AJ65*AK65 -> -2 | AM65: Algeria | AN65: =Results!$O$49 -> -3 | AO65: 1 | AP65: =AN65*AO65 -> -3 | AQ65: Congo | AR65: =Results!$O$54 -> 3 | AS65: 1 | AT65: =AR65*AS65 -> 3 | AU65: Croatia | AV65: =Results!$O$59 -> 0 | AW65: 2 | AX65: =AV65*AW65 -> 0
A66: Iraq | B66: =Results!$O$45 -> -3 | D66: =B66*C66 -> 0 | E66: Austria | F66: =Results!$O$50 -> 9 | G66: 2 | H66: =F66*G66 -> 18 | I66: Uzebekistan | J66: =Results!$O$55 -> -2 | L66: =J66*K66 -> 0 | M66: Ghana | N66: =Results!$O$60 -> 6 | O66: 1 | P66: =N66*O66 -> 6 | R66: Iraq | S66: =Results!$O$45 -> -3 | T66: 1 | U66: =S66*T66 -> -3 | V66: Austria | W66: =Results!$O$50 -> 9 | X66: 2 | Y66: =W66*X66 -> 18 | Z66: Uzebekistan | AA66: =Results!$O$55 -> -2 | AC66: =AA66*AB66 -> 0 | AD66: Ghana | AE66: =Results!$O$60 -> 6 | AF66: 1 | AG66: =AE66*AF66 -> 6 | AI66: Iraq | AJ66: =Results!$O$45 -> -3 | AK66: 1 | AL66: =AJ66*AK66 -> -3 | AM66: Austria | AN66: =Results!$O$50 -> 9 | AO66: 2 | AP66: =AN66*AO66 -> 18 | AQ66: Uzebekistan | AR66: =Results!$O$55 -> -2 | AT66: =AR66*AS66 -> 0 | AU66: Ghana | AV66: =Results!$O$60 -> 6 | AW66: 1 | AX66: =AV66*AW66 -> 6
A67: Norway | B67: =Results!$O$46 -> 12 | C67: 2 | D67: =B67*C67 -> 24 | E67: Jordan | F67: =Results!$O$51 -> -1 | H67: =F67*G67 -> 0 | I67: Colombia | J67: =Results!$O$56 -> 9 | K67: 2 | L67: =J67*K67 -> 18 | M67: Panama | N67: =Results!$O$61 -> -3 | P67: =N67*O67 -> 0 | R67: Norway | S67: =Results!$O$46 -> 12 | T67: 3 | U67: =S67*T67 -> 36 | V67: Jordan | W67: =Results!$O$51 -> -1 | Y67: =W67*X67 -> 0 | Z67: Colombia | AA67: =Results!$O$56 -> 9 | AB67: 2 | AC67: =AA67*AB67 -> 18 | AD67: Panama | AE67: =Results!$O$61 -> -3 | AG67: =AE67*AF67 -> 0 | AI67: Norway | AJ67: =Results!$O$46 -> 12 | AK67: 3 | AL67: =AJ67*AK67 -> 36 | AM67: Jordan | AN67: =Results!$O$51 -> -1 | AP67: =AN67*AO67 -> 0 | AQ67: Colombia | AR67: =Results!$O$56 -> 9 | AS67: 2 | AT67: =AR67*AS67 -> 18 | AU67: Panama | AV67: =Results!$O$61 -> -3 | AX67: =AV67*AW67 -> 0
A69: Name: | B69: Paul Mooney | M69: Total: | N69: =SUM(D71:D74,D76:D79,H71:H74, H76:H79,L71:L74,L76:L79,P71:P74,P76:P79,D81:D84,H81:H84,L81:L84,P81:P84) -> 374 | R69: Name: | S69: Ray Boggiano (P) | AD69: Total: | AE69: =SUM(U71:U74,U76:U79,Y71:Y74, Y76:Y79,AC71:AC74,AC76:AC79,AG71:AG74,AG76:AG79,U81:U84,Y81:Y84,AC81:AC84,AG81:AG84) -> 414 | AI69: Name: | AJ69: David Vince Smith (P) | AU69: Total: | AV69: =SUM(AL71:AL74,AL76:AL79,AP71:AP74, AP76:AP79,AT71:AT74,AT76:AT79,AX71:AX74,AX76:AX79,AL81:AL84,AP81:AP84,AT81:AT84,AX81:AX84) -> 382
A70: Group A | B70: Score | C70: Multiplier | D70: Points | E70: Group B | F70: Score | G70: Multiplier | H70: Points | I70: Group C | J70: Score | K70: Multiplier | L70: Points | M70: Group D | N70: Score | O70: Multiplier | P70: Points | R70: Group A | S70: Score | T70: Multiplier | U70: Points | V70: Group B | W70: Score | X70: Multiplier | Y70: Points | Z70: Group C | AA70: Score | AB70: Multiplier | AC70: Points | AD70: Group D | AE70: Score | AF70: Multiplier | AG70: Points | AI70: Group A | AJ70: Score | AK70: Multiplier | AL70: Points | AM70: Group B | AN70: Score | AO70: Multiplier | AP70: Points | AQ70: Group C | AR70: Score | AS70: Multiplier | AT70: Points | AU70: Group D | AV70: Score | AW70: Multiplier | AX70: Points
A71: Mexico | B71: =Results!$O$3 -> 3 | C71: 5 | D71: =B71*C71 -> 15 | E71: Canada | F71: =Results!$O$8 -> 2 | G71: 2 | H71: =F71*G71 -> 4 | I71: Brazil | J71: =Results!$O$13 -> 2 | K71: 3 | L71: =J71*K71 -> 6 | M71: USA | N71: =Results!$O$18 -> 11 | O71: 3 | P71: =N71*O71 -> 33 | R71: Mexico | S71: =Results!$O$3 -> 3 | T71: 3 | U71: =S71*T71 -> 9 | V71: Canada | W71: =Results!$O$8 -> 2 | X71: 2 | Y71: =W71*X71 -> 4 | Z71: Brazil | AA71: =Results!$O$13 -> 2 | AB71: 3 | AC71: =AA71*AB71 -> 6 | AD71: USA | AE71: =Results!$O$18 -> 11 | AF71: 3 | AG71: =AE71*AF71 -> 33 | AI71: Mexico | AJ71: =Results!$O$3 -> 3 | AK71: 2 | AL71: =AJ71*AK71 -> 6 | AM71: Canada | AN71: =Results!$O$8 -> 2 | AO71: 3 | AP71: =AN71*AO71 -> 6 | AQ71: Brazil | AR71: =Results!$O$13 -> 2 | AS71: 3 | AT71: =AR71*AS71 -> 6 | AU71: USA | AV71: =Results!$O$18 -> 11 | AW71: 1 | AX71: =AV71*AW71 -> 11
A72: Sth Africa | B72: =Results!$O$4 -> -14 | C72: 1 | D72: =B72*C72 -> -14 | E72: Bosnia | F72: =Results!$O$9 -> 1 | G72: 1 | H72: =F72*G72 -> 1 | I72: Morocco | J72: =Results!$O$14 -> 4 | K72: 2 | L72: =J72*K72 -> 8 | M72: Paraguay | N72: =Results!$O$19 -> -7 | P72: =N72*O72 -> 0 | R72: Sth Africa | S72: =Results!$O$4 -> -14 | U72: =S72*T72 -> 0 | V72: Bosnia | W72: =Results!$O$9 -> 1 | X72: 1 | Y72: =W72*X72 -> 1 | Z72: Morocco | AA72: =Results!$O$14 -> 4 | AB72: 2 | AC72: =AA72*AB72 -> 8 | AD72: Paraguay | AE72: =Results!$O$19 -> -7 | AG72: =AE72*AF72 -> 0 | AI72: Sth Africa | AJ72: =Results!$O$4 -> -14 | AL72: =AJ72*AK72 -> 0 | AM72: Bosnia | AN72: =Results!$O$9 -> 1 | AO72: 1 | AP72: =AN72*AO72 -> 1 | AQ72: Morocco | AR72: =Results!$O$14 -> 4 | AS72: 1 | AT72: =AR72*AS72 -> 4 | AU72: Paraguay | AV72: =Results!$O$19 -> -7 | AX72: =AV72*AW72 -> 0
A73: Korea Rep | B73: =Results!$O$5 -> 7 | C73: 3 | D73: =B73*C73 -> 21 | E73: Qatar | F73: =Results!$O$10 -> 2 | H73: =F73*G73 -> 0 | I73: Haiti | J73: =Results!$O$15 -> -2 | L73: =J73*K73 -> 0 | M73: Australia | N73: =Results!$O$20 -> 9 | O73: 2 | P73: =N73*O73 -> 18 | R73: Korea Rep | S73: =Results!$O$5 -> 7 | T73: 2 | U73: =S73*T73 -> 14 | V73: Qatar | W73: =Results!$O$10 -> 2 | Y73: =W73*X73 -> 0 | Z73: Haiti | AA73: =Results!$O$15 -> -2 | AC73: =AA73*AB73 -> 0 | AD73: Australia | AE73: =Results!$O$20 -> 9 | AF73: 1 | AG73: =AE73*AF73 -> 9 | AI73: Korea Rep | AJ73: =Results!$O$5 -> 7 | AK73: 1 | AL73: =AJ73*AK73 -> 7 | AM73: Qatar | AN73: =Results!$O$10 -> 2 | AP73: =AN73*AO73 -> 0 | AQ73: Haiti | AR73: =Results!$O$15 -> -2 | AT73: =AR73*AS73 -> 0 | AU73: Australia | AV73: =Results!$O$20 -> 9 | AW73: 2 | AX73: =AV73*AW73 -> 18
A74: Czechia | B74: =Results!$O$6 -> 0 | C74: 2 | D74: =B74*C74 -> 0 | E74: Switzerland | F74: =Results!$O$11 -> 3 | G74: 3 | H74: =F74*G74 -> 9 | I74: Scotland | J74: =Results!$O$16 -> 4 | K74: 1 | L74: =J74*K74 -> 4 | M74: Turkey | N74: =Results!$O$21 -> -3 | O74: 1 | P74: =N74*O74 -> -3 | R74: Czechia | S74: =Results!$O$6 -> 0 | T74: 1 | U74: =S74*T74 -> 0 | V74: Switzerland | W74: =Results!$O$11 -> 3 | X74: 3 | Y74: =W74*X74 -> 9 | Z74: Scotland | AA74: =Results!$O$16 -> 4 | AB74: 1 | AC74: =AA74*AB74 -> 4 | AD74: Turkey | AE74: =Results!$O$21 -> -3 | AF74: 2 | AG74: =AE74*AF74 -> -6 | AI74: Czechia | AJ74: =Results!$O$6 -> 0 | AK74: 3 | AL74: =AJ74*AK74 -> 0 | AM74: Switzerland | AN74: =Results!$O$11 -> 3 | AO74: 2 | AP74: =AN74*AO74 -> 6 | AQ74: Scotland | AR74: =Results!$O$16 -> 4 | AS74: 2 | AT74: =AR74*AS74 -> 8 | AU74: Turkey | AV74: =Results!$O$21 -> -3 | AW74: 3 | AX74: =AV74*AW74 -> -9
A75: Group E | B75: Score | C75: Multiplier | D75: Points | E75: Group F | F75: Score | G75: Multiplier | H75: Points | I75: Group G | J75: Score | K75: Multiplier | L75: Points | M75: Group H | N75: Score | O75: Multiplier | P75: Points | R75: Group E | S75: Score | T75: Multiplier | U75: Points | V75: Group F | W75: Score | X75: Multiplier | Y75: Points | Z75: Group G | AA75: Score | AB75: Multiplier | AC75: Points | AD75: Group H | AE75: Score | AF75: Multiplier | AG75: Points | AI75: Group E | AJ75: Score | AK75: Multiplier | AL75: Points | AM75: Group F | AN75: Score | AO75: Multiplier | AP75: Points | AQ75: Group G | AR75: Score | AS75: Multiplier | AT75: Points | AU75: Group H | AV75: Score | AW75: Multiplier | AX75: Points
A76: Germany | B76: =Results!$O$23 -> 18 | C76: 3 | D76: =B76*C76 -> 54 | E76: Netherlands | F76: =Results!$O$28 -> 2 | G76: 3 | H76: =F76*G76 -> 6 | I76: Belgium | J76: =Results!$O$33 -> 2 | K76: 3 | L76: =J76*K76 -> 6 | M76: Spain | N76: =Results!$O$38 -> 2 | O76: 3 | P76: =N76*O76 -> 6 | R76: Germany | S76: =Results!$O$23 -> 18 | T76: 3 | U76: =S76*T76 -> 54 | V76: Netherlands | W76: =Results!$O$28 -> 2 | X76: 3 | Y76: =W76*X76 -> 6 | Z76: Belgium | AA76: =Results!$O$33 -> 2 | AB76: 3 | AC76: =AA76*AB76 -> 6 | AD76: Spain | AE76: =Results!$O$38 -> 2 | AF76: 3 | AG76: =AE76*AF76 -> 6 | AI76: Germany | AJ76: =Results!$O$23 -> 18 | AK76: 3 | AL76: =AJ76*AK76 -> 54 | AM76: Netherlands | AN76: =Results!$O$28 -> 2 | AO76: 3 | AP76: =AN76*AO76 -> 6 | AQ76: Belgium | AR76: =Results!$O$33 -> 2 | AS76: 3 | AT76: =AR76*AS76 -> 6 | AU76: Spain | AV76: =Results!$O$38 -> 2 | AW76: 3 | AX76: =AV76*AW76 -> 6
A77: Curacao | B77: =Results!$O$24 -> -5 | D77: =B77*C77 -> 0 | E77: Japan | F77: =Results!$O$29 -> 5 | G77: 2 | H77: =F77*G77 -> 10 | I77: Egypt | J77: =Results!$O$34 -> 2 | K77: 2 | L77: =J77*K77 -> 4 | M77: Cape Verde | N77: =Results!$O$39 -> 2 | O77: 1 | P77: =N77*O77 -> 2 | R77: Curacao | S77: =Results!$O$24 -> -5 | U77: =S77*T77 -> 0 | V77: Japan | W77: =Results!$O$29 -> 5 | X77: 1 | Y77: =W77*X77 -> 5 | Z77: Egypt | AA77: =Results!$O$34 -> 2 | AB77: 2 | AC77: =AA77*AB77 -> 4 | AD77: Cape Verde | AE77: =Results!$O$39 -> 2 | AG77: =AE77*AF77 -> 0 | AI77: Curacao | AJ77: =Results!$O$24 -> -5 | AL77: =AJ77*AK77 -> 0 | AM77: Japan | AN77: =Results!$O$29 -> 5 | AO77: 1 | AP77: =AN77*AO77 -> 5 | AQ77: Egypt | AR77: =Results!$O$34 -> 2 | AS77: 2 | AT77: =AR77*AS77 -> 4 | AU77: Cape Verde | AV77: =Results!$O$39 -> 2 | AW77: 1 | AX77: =AV77*AW77 -> 2
A78: Ivory Coast | B78: =Results!$O$25 -> 4 | C78: 2 | D78: =B78*C78 -> 8 | E78: Sweden | F78: =Results!$O$30 -> 14 | G78: 1 | H78: =F78*G78 -> 14 | I78: Iran | J78: =Results!$O$35 -> 4 | K78: 1 | L78: =J78*K78 -> 4 | M78: Saudi Arabia | N78: =Results!$O$40 -> 3 | P78: =N78*O78 -> 0 | R78: Ivory Coast | S78: =Results!$O$25 -> 4 | T78: 2 | U78: =S78*T78 -> 8 | V78: Sweden | W78: =Results!$O$30 -> 14 | X78: 2 | Y78: =W78*X78 -> 28 | Z78: Iran | AA78: =Results!$O$35 -> 4 | AB78: 1 | AC78: =AA78*AB78 -> 4 | AD78: Saudi Arabia | AE78: =Results!$O$40 -> 3 | AF78: 1 | AG78: =AE78*AF78 -> 3 | AI78: Ivory Coast | AJ78: =Results!$O$25 -> 4 | AK78: 2 | AL78: =AJ78*AK78 -> 8 | AM78: Sweden | AN78: =Results!$O$30 -> 14 | AO78: 2 | AP78: =AN78*AO78 -> 28 | AQ78: Iran | AR78: =Results!$O$35 -> 4 | AS78: 1 | AT78: =AR78*AS78 -> 4 | AU78: Saudi Arabia | AV78: =Results!$O$40 -> 3 | AX78: =AV78*AW78 -> 0
A79: Ecuador | B79: =Results!$O$26 -> -2 | C79: 1 | D79: =B79*C79 -> -2 | E79: Tunisia | F79: =Results!$O$31 -> -4 | H79: =F79*G79 -> 0 | I79: New Zealand | J79: =Results!$O$36 -> 5 | L79: =J79*K79 -> 0 | M79: Uruguay | N79: =Results!$O$41 -> 4 | O79: 2 | P79: =N79*O79 -> 8 | R79: Ecuador | S79: =Results!$O$26 -> -2 | T79: 1 | U79: =S79*T79 -> -2 | V79: Tunisia | W79: =Results!$O$31 -> -4 | Y79: =W79*X79 -> 0 | Z79: New Zealand | AA79: =Results!$O$36 -> 5 | AC79: =AA79*AB79 -> 0 | AD79: Uruguay | AE79: =Results!$O$41 -> 4 | AF79: 2 | AG79: =AE79*AF79 -> 8 | AI79: Ecuador | AJ79: =Results!$O$26 -> -2 | AK79: 1 | AL79: =AJ79*AK79 -> -2 | AM79: Tunisia | AN79: =Results!$O$31 -> -4 | AP79: =AN79*AO79 -> 0 | AQ79: New Zealand | AR79: =Results!$O$36 -> 5 | AT79: =AR79*AS79 -> 0 | AU79: Uruguay | AV79: =Results!$O$41 -> 4 | AW79: 2 | AX79: =AV79*AW79 -> 8
A80: Group I | B80: Score | C80: Multiplier | D80: Points | E80: Group J | F80: Score | G80: Multiplier | H80: Points | I80: Group K | J80: Score | K80: Multiplier | L80: Points | M80: Group L | N80: Score | O80: Multiplier | P80: Points | R80: Group I | S80: Score | T80: Multiplier | U80: Points | V80: Group J | W80: Score | X80: Multiplier | Y80: Points | Z80: Group K | AA80: Score | AB80: Multiplier | AC80: Points | AD80: Group L | AE80: Score | AF80: Multiplier | AG80: Points | AI80: Group I | AJ80: Score | AK80: Multiplier | AL80: Points | AM80: Group J | AN80: Score | AO80: Multiplier | AP80: Points | AQ80: Group K | AR80: Score | AS80: Multiplier | AT80: Points | AU80: Group L | AV80: Score | AW80: Multiplier | AX80: Points
A81: France | B81: =Results!$O$43 -> 10 | C81: 3 | D81: =B81*C81 -> 30 | E81: Argentina | F81: =Results!$O$48 -> 11 | G81: 3 | H81: =F81*G81 -> 33 | I81: Portugal | J81: =Results!$O$53 -> 1 | K81: 3 | L81: =J81*K81 -> 3 | M81: England | N81: =Results!$O$58 -> 11 | O81: 3 | P81: =N81*O81 -> 33 | R81: France | S81: =Results!$O$43 -> 10 | T81: 5 | U81: =S81*T81 -> 50 | V81: Argentina | W81: =Results!$O$48 -> 11 | X81: 3 | Y81: =W81*X81 -> 33 | Z81: Portugal | AA81: =Results!$O$53 -> 1 | AB81: 3 | AC81: =AA81*AB81 -> 3 | AD81: England | AE81: =Results!$O$58 -> 11 | AF81: 3 | AG81: =AE81*AF81 -> 33 | AI81: France | AJ81: =Results!$O$43 -> 10 | AK81: 3 | AL81: =AJ81*AK81 -> 30 | AM81: Argentina | AN81: =Results!$O$48 -> 11 | AO81: 3 | AP81: =AN81*AO81 -> 33 | AQ81: Portugal | AR81: =Results!$O$53 -> 1 | AS81: 3 | AT81: =AR81*AS81 -> 3 | AU81: England | AV81: =Results!$O$58 -> 11 | AW81: 5 | AX81: =AV81*AW81 -> 55
A82: Senegal | B82: =Results!$O$44 -> -1 | C82: 2 | D82: =B82*C82 -> -2 | E82: Algeria | F82: =Results!$O$49 -> -3 | G82: 1 | H82: =F82*G82 -> -3 | I82: Congo | J82: =Results!$O$54 -> 3 | L82: =J82*K82 -> 0 | M82: Croatia | N82: =Results!$O$59 -> 0 | O82: 1 | P82: =N82*O82 -> 0 | R82: Senegal | S82: =Results!$O$44 -> -1 | T82: 2 | U82: =S82*T82 -> -2 | V82: Algeria | W82: =Results!$O$49 -> -3 | X82: 1 | Y82: =W82*X82 -> -3 | Z82: Congo | AA82: =Results!$O$54 -> 3 | AC82: =AA82*AB82 -> 0 | AD82: Croatia | AE82: =Results!$O$59 -> 0 | AF82: 1 | AG82: =AE82*AF82 -> 0 | AI82: Senegal | AJ82: =Results!$O$44 -> -1 | AK82: 1 | AL82: =AJ82*AK82 -> -1 | AM82: Algeria | AN82: =Results!$O$49 -> -3 | AO82: 1 | AP82: =AN82*AO82 -> -3 | AQ82: Congo | AR82: =Results!$O$54 -> 3 | AS82: 1 | AT82: =AR82*AS82 -> 3 | AU82: Croatia | AV82: =Results!$O$59 -> 0 | AW82: 3 | AX82: =AV82*AW82 -> 0
A83: Iraq | B83: =Results!$O$45 -> -3 | D83: =B83*C83 -> 0 | E83: Austria | F83: =Results!$O$50 -> 9 | G83: 2 | H83: =F83*G83 -> 18 | I83: Uzebekistan | J83: =Results!$O$55 -> -2 | K83: 1 | L83: =J83*K83 -> -2 | M83: Ghana | N83: =Results!$O$60 -> 6 | O83: 2 | P83: =N83*O83 -> 12 | R83: Iraq | S83: =Results!$O$45 -> -3 | T83: 1 | U83: =S83*T83 -> -3 | V83: Austria | W83: =Results!$O$50 -> 9 | X83: 2 | Y83: =W83*X83 -> 18 | Z83: Uzebekistan | AA83: =Results!$O$55 -> -2 | AB83: 1 | AC83: =AA83*AB83 -> -2 | AD83: Ghana | AE83: =Results!$O$60 -> 6 | AF83: 2 | AG83: =AE83*AF83 -> 12 | AI83: Iraq | AJ83: =Results!$O$45 -> -3 | AL83: =AJ83*AK83 -> 0 | AM83: Austria | AN83: =Results!$O$50 -> 9 | AO83: 2 | AP83: =AN83*AO83 -> 18 | AQ83: Uzebekistan | AR83: =Results!$O$55 -> -2 | AT83: =AR83*AS83 -> 0 | AU83: Ghana | AV83: =Results!$O$60 -> 6 | AW83: 2 | AX83: =AV83*AW83 -> 12
A84: Norway | B84: =Results!$O$46 -> 12 | C84: 1 | D84: =B84*C84 -> 12 | E84: Jordan | F84: =Results!$O$51 -> -1 | H84: =F84*G84 -> 0 | I84: Colombia | J84: =Results!$O$56 -> 9 | K84: 2 | L84: =J84*K84 -> 18 | M84: Panama | N84: =Results!$O$61 -> -3 | P84: =N84*O84 -> 0 | R84: Norway | S84: =Results!$O$46 -> 12 | T84: 3 | U84: =S84*T84 -> 36 | V84: Jordan | W84: =Results!$O$51 -> -1 | Y84: =W84*X84 -> 0 | Z84: Colombia | AA84: =Results!$O$56 -> 9 | AB84: 2 | AC84: =AA84*AB84 -> 18 | AD84: Panama | AE84: =Results!$O$61 -> -3 | AG84: =AE84*AF84 -> 0 | AI84: Norway | AJ84: =Results!$O$46 -> 12 | AK84: 2 | AL84: =AJ84*AK84 -> 24 | AM84: Jordan | AN84: =Results!$O$51 -> -1 | AP84: =AN84*AO84 -> 0 | AQ84: Colombia | AR84: =Results!$O$56 -> 9 | AS84: 2 | AT84: =AR84*AS84 -> 18 | AU84: Panama | AV84: =Results!$O$61 -> -3 | AW84: 1 | AX84: =AV84*AW84 -> -3
A86: Name: | B86: Ivan Dadic (P) | M86: Total: | N86: =SUM(D88:D91,D93:D96,H88:H91, H93:H96,L88:L91,L93:L96,P88:P91,P93:P96,D98:D101,H98:H101,L98:L101,P98:P101) -> 363 | R86: Name: | S86: Liam Gerathy (P) | AD86: Total: | AE86: =SUM(U88:U91,U93:U96,Y88:Y91, Y93:Y96,AC88:AC91,AC93:AC96,AG88:AG91,AG93:AG96,U98:U101,Y98:Y101,AC98:AC101,AG98:AG101) -> 399 | AI86: Name: | AJ86: Alexander Riley (P) | AU86: Total: | AV86: =SUM(AL88:AL91,AL93:AL96,AP88:AP91, AP93:AP96,AT88:AT91,AT93:AT96,AX88:AX91,AX93:AX96,AL98:AL101,AP98:AP101,AT98:AT101,AX98:AX101) -> 348
A87: Group A | B87: Score | C87: Multiplier | D87: Points | E87: Group B | F87: Score | G87: Multiplier | H87: Points | I87: Group C | J87: Score | K87: Multiplier | L87: Points | M87: Group D | N87: Score | O87: Multiplier | P87: Points | R87: Group A | S87: Score | T87: Multiplier | U87: Points | V87: Group B | W87: Score | X87: Multiplier | Y87: Points | Z87: Group C | AA87: Score | AB87: Multiplier | AC87: Points | AD87: Group D | AE87: Score | AF87: Multiplier | AG87: Points | AI87: Group A | AJ87: Score | AK87: Multiplier | AL87: Points | AM87: Group B | AN87: Score | AO87: Multiplier | AP87: Points | AQ87: Group C | AR87: Score | AS87: Multiplier | AT87: Points | AU87: Group D | AV87: Score | AW87: Multiplier | AX87: Points
A88: Mexico | B88: =Results!$O$3 -> 3 | C88: 3 | D88: =B88*C88 -> 9 | E88: Canada | F88: =Results!$O$8 -> 2 | G88: 2 | H88: =F88*G88 -> 4 | I88: Brazil | J88: =Results!$O$13 -> 2 | K88: 3 | L88: =J88*K88 -> 6 | M88: USA | N88: =Results!$O$18 -> 11 | O88: 3 | P88: =N88*O88 -> 33 | R88: Mexico | S88: =Results!$O$3 -> 3 | T88: 3 | U88: =S88*T88 -> 9 | V88: Canada | W88: =Results!$O$8 -> 2 | X88: 2 | Y88: =W88*X88 -> 4 | Z88: Brazil | AA88: =Results!$O$13 -> 2 | AB88: 3 | AC88: =AA88*AB88 -> 6 | AD88: USA | AE88: =Results!$O$18 -> 11 | AF88: 3 | AG88: =AE88*AF88 -> 33 | AI88: Mexico | AJ88: =Results!$O$3 -> 3 | AK88: 3 | AL88: =AJ88*AK88 -> 9 | AM88: Canada | AN88: =Results!$O$8 -> 2 | AO88: 2 | AP88: =AN88*AO88 -> 4 | AQ88: Brazil | AR88: =Results!$O$13 -> 2 | AS88: 3 | AT88: =AR88*AS88 -> 6 | AU88: USA | AV88: =Results!$O$18 -> 11 | AW88: 3 | AX88: =AV88*AW88 -> 33
A89: Sth Africa | B89: =Results!$O$4 -> -14 | D89: =B89*C89 -> 0 | E89: Bosnia | F89: =Results!$O$9 -> 1 | H89: =F89*G89 -> 0 | I89: Morocco | J89: =Results!$O$14 -> 4 | K89: 2 | L89: =J89*K89 -> 8 | M89: Paraguay | N89: =Results!$O$19 -> -7 | O89: 1 | P89: =N89*O89 -> -7 | R89: Sth Africa | S89: =Results!$O$4 -> -14 | U89: =S89*T89 -> 0 | V89: Bosnia | W89: =Results!$O$9 -> 1 | Y89: =W89*X89 -> 0 | Z89: Morocco | AA89: =Results!$O$14 -> 4 | AB89: 2 | AC89: =AA89*AB89 -> 8 | AD89: Paraguay | AE89: =Results!$O$19 -> -7 | AG89: =AE89*AF89 -> 0 | AI89: Sth Africa | AJ89: =Results!$O$4 -> -14 | AK89: 1 | AL89: =AJ89*AK89 -> -14 | AM89: Bosnia | AN89: =Results!$O$9 -> 1 | AP89: =AN89*AO89 -> 0 | AQ89: Morocco | AR89: =Results!$O$14 -> 4 | AS89: 2 | AT89: =AR89*AS89 -> 8 | AU89: Paraguay | AV89: =Results!$O$19 -> -7 | AX89: =AV89*AW89 -> 0
A90: Korea Rep | B90: =Results!$O$5 -> 7 | C90: 2 | D90: =B90*C90 -> 14 | E90: Qatar | F90: =Results!$O$10 -> 2 | G90: 1 | H90: =F90*G90 -> 2 | I90: Haiti | J90: =Results!$O$15 -> -2 | L90: =J90*K90 -> 0 | M90: Australia | N90: =Results!$O$20 -> 9 | P90: =N90*O90 -> 0 | R90: Korea Rep | S90: =Results!$O$5 -> 7 | T90: 1 | U90: =S90*T90 -> 7 | V90: Qatar | W90: =Results!$O$10 -> 2 | X90: 1 | Y90: =W90*X90 -> 2 | Z90: Haiti | AA90: =Results!$O$15 -> -2 | AC90: =AA90*AB90 -> 0 | AD90: Australia | AE90: =Results!$O$20 -> 9 | AF90: 1 | AG90: =AE90*AF90 -> 9 | AI90: Korea Rep | AJ90: =Results!$O$5 -> 7 | AL90: =AJ90*AK90 -> 0 | AM90: Qatar | AN90: =Results!$O$10 -> 2 | AO90: 1 | AP90: =AN90*AO90 -> 2 | AQ90: Haiti | AR90: =Results!$O$15 -> -2 | AT90: =AR90*AS90 -> 0 | AU90: Australia | AV90: =Results!$O$20 -> 9 | AW90: 2 | AX90: =AV90*AW90 -> 18
A91: Czechia | B91: =Results!$O$6 -> 0 | C91: 1 | D91: =B91*C91 -> 0 | E91: Switzerland | F91: =Results!$O$11 -> 3 | G91: 3 | H91: =F91*G91 -> 9 | I91: Scotland | J91: =Results!$O$16 -> 4 | K91: 1 | L91: =J91*K91 -> 4 | M91: Turkey | N91: =Results!$O$21 -> -3 | O91: 2 | P91: =N91*O91 -> -6 | R91: Czechia | S91: =Results!$O$6 -> 0 | T91: 2 | U91: =S91*T91 -> 0 | V91: Switzerland | W91: =Results!$O$11 -> 3 | X91: 3 | Y91: =W91*X91 -> 9 | Z91: Scotland | AA91: =Results!$O$16 -> 4 | AB91: 1 | AC91: =AA91*AB91 -> 4 | AD91: Turkey | AE91: =Results!$O$21 -> -3 | AF91: 2 | AG91: =AE91*AF91 -> -6 | AI91: Czechia | AJ91: =Results!$O$6 -> 0 | AK91: 2 | AL91: =AJ91*AK91 -> 0 | AM91: Switzerland | AN91: =Results!$O$11 -> 3 | AO91: 3 | AP91: =AN91*AO91 -> 9 | AQ91: Scotland | AR91: =Results!$O$16 -> 4 | AS91: 1 | AT91: =AR91*AS91 -> 4 | AU91: Turkey | AV91: =Results!$O$21 -> -3 | AW91: 1 | AX91: =AV91*AW91 -> -3
A92: Group E | B92: Score | C92: Multiplier | D92: Points | E92: Group F | F92: Score | G92: Multiplier | H92: Points | I92: Group G | J92: Score | K92: Multiplier | L92: Points | M92: Group H | N92: Score | O92: Multiplier | P92: Points | R92: Group E | S92: Score | T92: Multiplier | U92: Points | V92: Group F | W92: Score | X92: Multiplier | Y92: Points | Z92: Group G | AA92: Score | AB92: Multiplier | AC92: Points | AD92: Group H | AE92: Score | AF92: Multiplier | AG92: Points | AI92: Group E | AJ92: Score | AK92: Multiplier | AL92: Points | AM92: Group F | AN92: Score | AO92: Multiplier | AP92: Points | AQ92: Group G | AR92: Score | AS92: Multiplier | AT92: Points | AU92: Group H | AV92: Score | AW92: Multiplier | AX92: Points
A93: Germany | B93: =Results!$O$23 -> 18 | C93: 3 | D93: =B93*C93 -> 54 | E93: Netherlands | F93: =Results!$O$28 -> 2 | G93: 3 | H93: =F93*G93 -> 6 | I93: Belgium | J93: =Results!$O$33 -> 2 | K93: 3 | L93: =J93*K93 -> 6 | M93: Spain | N93: =Results!$O$38 -> 2 | O93: 5 | P93: =N93*O93 -> 10 | R93: Germany | S93: =Results!$O$23 -> 18 | T93: 3 | U93: =S93*T93 -> 54 | V93: Netherlands | W93: =Results!$O$28 -> 2 | X93: 3 | Y93: =W93*X93 -> 6 | Z93: Belgium | AA93: =Results!$O$33 -> 2 | AB93: 3 | AC93: =AA93*AB93 -> 6 | AD93: Spain | AE93: =Results!$O$38 -> 2 | AF93: 3 | AG93: =AE93*AF93 -> 6 | AI93: Germany | AJ93: =Results!$O$23 -> 18 | AK93: 2 | AL93: =AJ93*AK93 -> 36 | AM93: Netherlands | AN93: =Results!$O$28 -> 2 | AO93: 3 | AP93: =AN93*AO93 -> 6 | AQ93: Belgium | AR93: =Results!$O$33 -> 2 | AS93: 3 | AT93: =AR93*AS93 -> 6 | AU93: Spain | AV93: =Results!$O$38 -> 2 | AW93: 3 | AX93: =AV93*AW93 -> 6
A94: Curacao | B94: =Results!$O$24 -> -5 | D94: =B94*C94 -> 0 | E94: Japan | F94: =Results!$O$29 -> 5 | G94: 2 | H94: =F94*G94 -> 10 | I94: Egypt | J94: =Results!$O$34 -> 2 | K94: 2 | L94: =J94*K94 -> 4 | M94: Cape Verde | N94: =Results!$O$39 -> 2 | O94: 1 | P94: =N94*O94 -> 2 | R94: Curacao | S94: =Results!$O$24 -> -5 | U94: =S94*T94 -> 0 | V94: Japan | W94: =Results!$O$29 -> 5 | X94: 2 | Y94: =W94*X94 -> 10 | Z94: Egypt | AA94: =Results!$O$34 -> 2 | AB94: 2 | AC94: =AA94*AB94 -> 4 | AD94: Cape Verde | AE94: =Results!$O$39 -> 2 | AG94: =AE94*AF94 -> 0 | AI94: Curacao | AJ94: =Results!$O$24 -> -5 | AL94: =AJ94*AK94 -> 0 | AM94: Japan | AN94: =Results!$O$29 -> 5 | AO94: 1 | AP94: =AN94*AO94 -> 5 | AQ94: Egypt | AR94: =Results!$O$34 -> 2 | AS94: 2 | AT94: =AR94*AS94 -> 4 | AU94: Cape Verde | AV94: =Results!$O$39 -> 2 | AX94: =AV94*AW94 -> 0
A95: Ivory Coast | B95: =Results!$O$25 -> 4 | C95: 1 | D95: =B95*C95 -> 4 | E95: Sweden | F95: =Results!$O$30 -> 14 | G95: 1 | H95: =F95*G95 -> 14 | I95: Iran | J95: =Results!$O$35 -> 4 | K95: 1 | L95: =J95*K95 -> 4 | M95: Saudi Arabia | N95: =Results!$O$40 -> 3 | O95: 2 | P95: =N95*O95 -> 6 | R95: Ivory Coast | S95: =Results!$O$25 -> 4 | T95: 2 | U95: =S95*T95 -> 8 | V95: Sweden | W95: =Results!$O$30 -> 14 | X95: 1 | Y95: =W95*X95 -> 14 | Z95: Iran | AA95: =Results!$O$35 -> 4 | AC95: =AA95*AB95 -> 0 | AD95: Saudi Arabia | AE95: =Results!$O$40 -> 3 | AF95: 1 | AG95: =AE95*AF95 -> 3 | AI95: Ivory Coast | AJ95: =Results!$O$25 -> 4 | AK95: 1 | AL95: =AJ95*AK95 -> 4 | AM95: Sweden | AN95: =Results!$O$30 -> 14 | AO95: 2 | AP95: =AN95*AO95 -> 28 | AQ95: Iran | AR95: =Results!$O$35 -> 4 | AS95: 1 | AT95: =AR95*AS95 -> 4 | AU95: Saudi Arabia | AV95: =Results!$O$40 -> 3 | AW95: 1 | AX95: =AV95*AW95 -> 3
A96: Ecuador | B96: =Results!$O$26 -> -2 | C96: 2 | D96: =B96*C96 -> -4 | E96: Tunisia | F96: =Results!$O$31 -> -4 | H96: =F96*G96 -> 0 | I96: New Zealand | J96: =Results!$O$36 -> 5 | L96: =J96*K96 -> 0 | M96: Uruguay | N96: =Results!$O$41 -> 4 | O96: 3 | P96: =N96*O96 -> 12 | R96: Ecuador | S96: =Results!$O$26 -> -2 | T96: 1 | U96: =S96*T96 -> -2 | V96: Tunisia | W96: =Results!$O$31 -> -4 | Y96: =W96*X96 -> 0 | Z96: New Zealand | AA96: =Results!$O$36 -> 5 | AB96: 1 | AC96: =AA96*AB96 -> 5 | AD96: Uruguay | AE96: =Results!$O$41 -> 4 | AF96: 2 | AG96: =AE96*AF96 -> 8 | AI96: Ecuador | AJ96: =Results!$O$26 -> -2 | AK96: 3 | AL96: =AJ96*AK96 -> -6 | AM96: Tunisia | AN96: =Results!$O$31 -> -4 | AP96: =AN96*AO96 -> 0 | AQ96: New Zealand | AR96: =Results!$O$36 -> 5 | AT96: =AR96*AS96 -> 0 | AU96: Uruguay | AV96: =Results!$O$41 -> 4 | AW96: 2 | AX96: =AV96*AW96 -> 8
A97: Group I | B97: Score | C97: Multiplier | D97: Points | E97: Group J | F97: Score | G97: Multiplier | H97: Points | I97: Group K | J97: Score | K97: Multiplier | L97: Points | M97: Group L | N97: Score | O97: Multiplier | P97: Points | R97: Group I | S97: Score | T97: Multiplier | U97: Points | V97: Group J | W97: Score | X97: Multiplier | Y97: Points | Z97: Group K | AA97: Score | AB97: Multiplier | AC97: Points | AD97: Group L | AE97: Score | AF97: Multiplier | AG97: Points | AI97: Group I | AJ97: Score | AK97: Multiplier | AL97: Points | AM97: Group J | AN97: Score | AO97: Multiplier | AP97: Points | AQ97: Group K | AR97: Score | AS97: Multiplier | AT97: Points | AU97: Group L | AV97: Score | AW97: Multiplier | AX97: Points
A98: France | B98: =Results!$O$43 -> 10 | C98: 3 | D98: =B98*C98 -> 30 | E98: Argentina | F98: =Results!$O$48 -> 11 | G98: 3 | H98: =F98*G98 -> 33 | I98: Portugal | J98: =Results!$O$53 -> 1 | K98: 3 | L98: =J98*K98 -> 3 | M98: England | N98: =Results!$O$58 -> 11 | O98: 3 | P98: =N98*O98 -> 33 | R98: France | S98: =Results!$O$43 -> 10 | T98: 5 | U98: =S98*T98 -> 50 | V98: Argentina | W98: =Results!$O$48 -> 11 | X98: 3 | Y98: =W98*X98 -> 33 | Z98: Portugal | AA98: =Results!$O$53 -> 1 | AB98: 3 | AC98: =AA98*AB98 -> 3 | AD98: England | AE98: =Results!$O$58 -> 11 | AF98: 3 | AG98: =AE98*AF98 -> 33 | AI98: France | AJ98: =Results!$O$43 -> 10 | AK98: 5 | AL98: =AJ98*AK98 -> 50 | AM98: Argentina | AN98: =Results!$O$48 -> 11 | AO98: 3 | AP98: =AN98*AO98 -> 33 | AQ98: Portugal | AR98: =Results!$O$53 -> 1 | AS98: 3 | AT98: =AR98*AS98 -> 3 | AU98: England | AV98: =Results!$O$58 -> 11 | AW98: 2 | AX98: =AV98*AW98 -> 22
A99: Senegal | B99: =Results!$O$44 -> -1 | C99: 1 | D99: =B99*C99 -> -1 | E99: Algeria | F99: =Results!$O$49 -> -3 | G99: 1 | H99: =F99*G99 -> -3 | I99: Congo | J99: =Results!$O$54 -> 3 | L99: =J99*K99 -> 0 | M99: Croatia | N99: =Results!$O$59 -> 0 | O99: 2 | P99: =N99*O99 -> 0 | R99: Senegal | S99: =Results!$O$44 -> -1 | T99: 2 | U99: =S99*T99 -> -2 | V99: Algeria | W99: =Results!$O$49 -> -3 | X99: 1 | Y99: =W99*X99 -> -3 | Z99: Congo | AA99: =Results!$O$54 -> 3 | AB99: 1 | AC99: =AA99*AB99 -> 3 | AD99: Croatia | AE99: =Results!$O$59 -> 0 | AF99: 2 | AG99: =AE99*AF99 -> 0 | AI99: Senegal | AJ99: =Results!$O$44 -> -1 | AK99: 2 | AL99: =AJ99*AK99 -> -2 | AM99: Algeria | AN99: =Results!$O$49 -> -3 | AP99: =AN99*AO99 -> 0 | AQ99: Congo | AR99: =Results!$O$54 -> 3 | AT99: =AR99*AS99 -> 0 | AU99: Croatia | AV99: =Results!$O$59 -> 0 | AW99: 3 | AX99: =AV99*AW99 -> 0
A100: Iraq | B100: =Results!$O$45 -> -3 | D100: =B100*C100 -> 0 | E100: Austria | F100: =Results!$O$50 -> 9 | G100: 2 | H100: =F100*G100 -> 18 | I100: Uzebekistan | J100: =Results!$O$55 -> -2 | K100: 1 | L100: =J100*K100 -> -2 | M100: Ghana | N100: =Results!$O$60 -> 6 | O100: 1 | P100: =N100*O100 -> 6 | R100: Iraq | S100: =Results!$O$45 -> -3 | T100: 1 | U100: =S100*T100 -> -3 | V100: Austria | W100: =Results!$O$50 -> 9 | X100: 2 | Y100: =W100*X100 -> 18 | Z100: Uzebekistan | AA100: =Results!$O$55 -> -2 | AC100: =AA100*AB100 -> 0 | AD100: Ghana | AE100: =Results!$O$60 -> 6 | AF100: 1 | AG100: =AE100*AF100 -> 6 | AI100: Iraq | AJ100: =Results!$O$45 -> -3 | AK100: 1 | AL100: =AJ100*AK100 -> -3 | AM100: Austria | AN100: =Results!$O$50 -> 9 | AO100: 1 | AP100: =AN100*AO100 -> 9 | AQ100: Uzebekistan | AR100: =Results!$O$55 -> -2 | AS100: 1 | AT100: =AR100*AS100 -> -2 | AU100: Ghana | AV100: =Results!$O$60 -> 6 | AW100: 1 | AX100: =AV100*AW100 -> 6
A101: Norway | B101: =Results!$O$46 -> 12 | C101: 2 | D101: =B101*C101 -> 24 | E101: Jordan | F101: =Results!$O$51 -> -1 | H101: =F101*G101 -> 0 | I101: Colombia | J101: =Results!$O$56 -> 9 | K101: 2 | L101: =J101*K101 -> 18 | M101: Panama | N101: =Results!$O$61 -> -3 | P101: =N101*O101 -> 0 | R101: Norway | S101: =Results!$O$46 -> 12 | T101: 3 | U101: =S101*T101 -> 36 | V101: Jordan | W101: =Results!$O$51 -> -1 | Y101: =W101*X101 -> 0 | Z101: Colombia | AA101: =Results!$O$56 -> 9 | AB101: 2 | AC101: =AA101*AB101 -> 18 | AD101: Panama | AE101: =Results!$O$61 -> -3 | AG101: =AE101*AF101 -> 0 | AI101: Norway | AJ101: =Results!$O$46 -> 12 | AK101: 3 | AL101: =AJ101*AK101 -> 36 | AM101: Jordan | AN101: =Results!$O$51 -> -1 | AO101: 2 | AP101: =AN101*AO101 -> -2 | AQ101: Colombia | AR101: =Results!$O$56 -> 9 | AS101: 2 | AT101: =AR101*AS101 -> 18 | AU101: Panama | AV101: =Results!$O$61 -> -3 | AX101: =AV101*AW101 -> 0
A103: Name: | B103: Michael Orford (P) | M103: Total: | N103: =SUM(D105:D108,D110:D113,H105:H108, H110:H113,L105:L108,L110:L113,P105:P108,P110:P113,D115:D118,H115:H118,L115:L118,P115:P118) -> 417 | R103: Name: | S103: Parham Taba (P) | AD103: Total: | AE103: =SUM(U105:U108,U110:U113,Y105:Y108, Y110:Y113,AC105:AC108,AC110:AC113,AG105:AG108,AG110:AG113,U115:U118,Y115:Y118,AC115:AC118,AG115:AG118) -> 332 | AI103: Name: | AJ103: Marc Cohen (P) | AU103: Total: | AV103: =SUM(AL105:AL108,AL110:AL113,AP105:AP108, AP110:AP113,AT105:AT108,AT110:AT113,AX105:AX108,AX110:AX113,AL115:AL118,AP115:AP118,AT115:AT118,AX115:AX118) -> 364
A104: Group A | B104: Score | C104: Multiplier | D104: Points | E104: Group B | F104: Score | G104: Multiplier | H104: Points | I104: Group C | J104: Score | K104: Multiplier | L104: Points | M104: Group D | N104: Score | O104: Multiplier | P104: Points | R104: Group A | S104: Score | T104: Multiplier | U104: Points | V104: Group B | W104: Score | X104: Multiplier | Y104: Points | Z104: Group C | AA104: Score | AB104: Multiplier | AC104: Points | AD104: Group D | AE104: Score | AF104: Multiplier | AG104: Points | AI104: Group A | AJ104: Score | AK104: Multiplier | AL104: Points | AM104: Group B | AN104: Score | AO104: Multiplier | AP104: Points | AQ104: Group C | AR104: Score | AS104: Multiplier | AT104: Points | AU104: Group D | AV104: Score | AW104: Multiplier | AX104: Points
A105: Mexico | B105: =Results!$O$3 -> 3 | C105: 1 | D105: =B105*C105 -> 3 | E105: Canada | F105: =Results!$O$8 -> 2 | G105: 2 | H105: =F105*G105 -> 4 | I105: Brazil | J105: =Results!$O$13 -> 2 | K105: 3 | L105: =J105*K105 -> 6 | M105: USA | N105: =Results!$O$18 -> 11 | O105: 3 | P105: =N105*O105 -> 33 | R105: Mexico | S105: =Results!$O$3 -> 3 | T105: 3 | U105: =S105*T105 -> 9 | V105: Canada | W105: =Results!$O$8 -> 2 | X105: 2 | Y105: =W105*X105 -> 4 | Z105: Brazil | AA105: =Results!$O$13 -> 2 | AB105: 3 | AC105: =AA105*AB105 -> 6 | AD105: USA | AE105: =Results!$O$18 -> 11 | AG105: =AE105*AF105 -> 0 | AI105: Mexico | AJ105: =Results!$O$3 -> 3 | AK105: 2 | AL105: =AJ105*AK105 -> 6 | AM105: Canada | AN105: =Results!$O$8 -> 2 | AO105: 2 | AP105: =AN105*AO105 -> 4 | AQ105: Brazil | AR105: =Results!$O$13 -> 2 | AS105: 3 | AT105: =AR105*AS105 -> 6 | AU105: USA | AV105: =Results!$O$18 -> 11 | AW105: 3 | AX105: =AV105*AW105 -> 33
A106: Sth Africa | B106: =Results!$O$4 -> -14 | D106: =B106*C106 -> 0 | E106: Bosnia | F106: =Results!$O$9 -> 1 | G106: 1 | H106: =F106*G106 -> 1 | I106: Morocco | J106: =Results!$O$14 -> 4 | K106: 2 | L106: =J106*K106 -> 8 | M106: Paraguay | N106: =Results!$O$19 -> -7 | P106: =N106*O106 -> 0 | R106: Sth Africa | S106: =Results!$O$4 -> -14 | U106: =S106*T106 -> 0 | V106: Bosnia | W106: =Results!$O$9 -> 1 | Y106: =W106*X106 -> 0 | Z106: Morocco | AA106: =Results!$O$14 -> 4 | AB106: 2 | AC106: =AA106*AB106 -> 8 | AD106: Paraguay | AE106: =Results!$O$19 -> -7 | AF106: 2 | AG106: =AE106*AF106 -> -14 | AI106: Sth Africa | AJ106: =Results!$O$4 -> -14 | AK106: 1 | AL106: =AJ106*AK106 -> -14 | AM106: Bosnia | AN106: =Results!$O$9 -> 1 | AO106: 1 | AP106: =AN106*AO106 -> 1 | AQ106: Morocco | AR106: =Results!$O$14 -> 4 | AS106: 2 | AT106: =AR106*AS106 -> 8 | AU106: Paraguay | AV106: =Results!$O$19 -> -7 | AW106: 2 | AX106: =AV106*AW106 -> -14
...

Sheet Ladder
A1: # | B1: Name | C1: Total Points | D1: * Selected
A2: 1 | B2: =Entries!$AJ$205 -> Teddy Rooks (P) | C2: =Entries!$AV$205 -> 418 | D2: Netherlands
A3: 2 | B3: =Entries!$B$103 -> Michael Orford (P) | C3: =Entries!$N$103 -> 417 | D3: France
A4: 3 | B4: =Entries!$AJ$307 -> Craig Ring (P) | C4: =Entries!$AV$307 -> 415 | D4: France
A5: 4 | B5: =Entries!$S$69 -> Ray Boggiano (P) | C5: =Entries!$AE$69 -> 414 | D5: France
A6: 5 | B6: =Entries!$AJ$120 -> Danny Dresner (P) | C6: =Entries!$AV$120 -> 406 | D6: Germany
A7: 6 | B7: =Entries!$B$18 -> Nash Dresner (P) | C7: =Entries!$N$18 -> 403 | D7: England
A8: 7 | B8: =Entries!$B$273 -> Dan Segal (P) | C8: =Entries!$N$273 -> 401 | D8: Germany
A9: 8 | B9: =Entries!$S$324 -> Syrus Wynne | C9: =Entries!$AE$324 -> 401 | D9: Spain
A10: 9 | B10: =Entries!$S$86 -> Liam Gerathy (P) | C10: =Entries!$AE$86 -> 399 | D10: France
A11: 10 | B11: =Entries!$AJ$188 -> Liron Rutovitz (P) | C11: =Entries!$AV$188 -> 398 | D11: France
A12: 11 | B12: =Entries!$B$1 -> Lennon Dresner (P) | C12: =Entries!$N$1 -> 394 | D12: Brazil
A13: 12 | B13: =Entries!$S$52 -> Clive Baskin (P) | C13: =Entries!$AE$52 -> 393 | D13: France
A14: 13 | B14: =Entries!$B$137 -> Robbie Baskin (P) | C14: =Entries!$N$137 -> 389 | D14: France
A15: 14 | B15: =Entries!$S$154 -> Josie Rutovitz (P) | C15: =Entries!$AE$154 -> 388 | D15: Spain
A16: 15 | B16: =Entries!$B$222 -> Matthew Bozic (P) | C16: =Entries!$N$222 -> 388 | D16: Spain
A17: 16 | B17: =Entries!$AJ$18 -> Gavin Fuchs (P) | C17: =Entries!$AV$18 -> 382 | D17: England
A18: 17 | B18: =Entries!$AJ$69 -> David Vince Smith (P) | C18: =Entries!$AV$69 -> 382 | D18: England
A19: 18 | B19: =Entries!$AJ$52 -> Laine Poirier (P) | C19: =Entries!$AV$52 -> 382 | D19: France
A20: 19 | B20: =Entries!$S$18 -> Max Maike (P) | C20: =Entries!$AE$18 -> 378 | D20: Germany
A21: 20 | B21: =Entries!$B$154 -> Tali Hollis (P) | C21: =Entries!$N$154 -> 377 | D21: France
A22: 21 | B22: =Entries!$B$239 -> Paul Selikman (P) | C22: =Entries!$N$239 -> 376 | D22: Spain
A23: 22 | B23: =Entries!$B$35 -> Kevin Lippy (P) | C23: =Entries!$N$35 -> 375 | D23: Germany
A24: 23 | B24: =Entries!$B$69 -> Paul Mooney | C24: =Entries!$N$69 -> 374 | D24: Mexico
A25: 24 | B25: =Entries!$S$120 -> Rory Gallagher (P) | C25: =Entries!$AE$120 -> 374 | D25: France
A26: 25 | B26: =Entries!$AJ$1 -> Tyler & Mark Hall | C26: =Entries!$AV$1 -> 373 | D26: France
A27: 26 | B27: =Entries!$S$188 -> Edward Shmidt (P) | C27: =Entries!$AE$188 -> 372 | D27: England
A28: 27 | B28: =Entries!$B$171 -> Adam Horwitz (P) | C28: =Entries!$N$171 -> 372 | D28: England
A29: 28 | B29: =Entries!$AJ$290 -> Tobias Morgan (P) | C29: =Entries!$AV$290 -> 371 | D29: France
A30: 29 | B30: =Entries!$B$205 -> Benjamin Powell (P) | C30: =Entries!$N$205 -> 370 | D30: England
A31: 30 | B31: =Entries!$B$188 -> Jenna Baskin (P) | C31: =Entries!$N$188 -> 369 | D31: Spain
A32: 31 | B32: =Entries!$S$273 -> Carl Seubert (P) | C32: =Entries!$AE$273 -> 369 | D32: France
A33: 32 | B33: =Entries!$S$239 -> Romi Rutovitz (P) | C33: =Entries!$AE$239 -> 369 | D33: France
A34: 33 | B34: =Entries!$B$52 -> Alon Beran (P) | C34: =Entries!$N$52 -> 368 | D34: Spain
A35: 34 | B35: =Entries!$S$290 -> Bryan Resnik (P) | C35: =Entries!$AE$290 -> 367 | D35: Brazil
A36: 35 | B36: =Entries!$B$290 -> Jarred Rubin (P) | C36: =Entries!$N$290 -> 367 | D36: Spain
A37: 36 | B37: =Entries!$B$256 -> Mitchell James (P) | C37: =Entries!$N$256 -> 366 | D37: Brazil
A38: 37 | B38: =Entries!$AJ$324 -> Micheal O'Brien (P) | C38: =Entries!$AV$324 -> 366 | D38: France
A39: 38 | B39: =Entries!$S$307 -> Sean Eichholz (P) | C39: =Entries!$AE$307 -> 364 | D39: Netherlands
A40: 39 | B40: =Entries!$AJ$103 -> Marc Cohen (P) | C40: =Entries!$AV$103 -> 364 | D40: France
A41: 40 | B41: =Entries!$B$86 -> Ivan Dadic (P) | C41: =Entries!$N$86 -> 363 | D41: Spain
A42: 41 | B42: =Entries!$S$341 -> Tom Rozehnal (P) | C42: =Entries!$AE$341 -> 363 | D42: Spain
A43: 42 | B43: =Entries!$AJ$35 -> Ivan Fuchs (P) | C43: =Entries!$AV$35 -> 363 | D43: Portugal
A44: 43 | B44: =Entries!$S$1 -> Ben Maike (P) | C44: =Entries!$AE$1 -> 363 | D44: France
A45: 44 | B45: =Entries!$S$171 -> Daniel Zamparelli (P) | C45: =Entries!$AE$171 -> 362 | D45: France
A46: 45 | B46: =Entries!$AJ$171 -> Eric Cohen (P) | C46: =Entries!$AV$171 -> 358 | D46: Netherlands
A47: 46 | B47: =Entries!$AJ$256 -> Jeremy Heymann (P) | C47: =Entries!$AV$256 -> 353 | D47: Brazil
A48: 47 | B48: =Entries!$S$137 -> Barry Cohen (P) | C48: =Entries!$AE$137 -> 353 | D48: Portugal
A49: 48 | B49: =Entries!$S$256 -> David Hall (P) | C49: =Entries!$AE$256 -> 352 | D49: France
A50: 49 | B50: =Entries!$AJ$137 -> Fabian Boldt | C50: =Entries!$AV$137 -> 352 | D50: France
A51: 50 | B51: =Entries!$S$205 -> Taylor Chauhud (P) | C51: =Entries!$AE$205 -> 350 | D51: Brazil
A52: 51 | B52: =Entries!$AJ$222 -> Luka Obradovic | C52: =Entries!$AV$222 -> 350 | D52: Spain
A53: 52 | B53: =Entries!$AJ$86 -> Alexander Riley (P) | C53: =Entries!$AV$86 -> 348 | D53: France
A54: 53 | B54: =Entries!$S$222 -> Rob Lorenc (P) | C54: =Entries!$AE$222 -> 347 | D54: Spain
A55: 54 | B55: =Entries!$AJ$273 -> David Cuthbert (P) | C55: =Entries!$AV$273 -> 345 | D55: Portugal
A56: 55 | B56: =Entries!$B$341 -> Camilla Dresner (P) | C56: =Entries!$N$341 -> 344 | D56: Portugal
A57: 56 | B57: =Entries!$B$324 -> Jason Alman (P) | C57: =Entries!$N$324 -> 342 | D57: Spain
A58: 57 | B58: =Entries!$AJ$154 -> Ari Segal (P) | C58: =Entries!$AV$154 -> 341 | D58: England
A59: 58 | B59: =Entries!$B$120 -> Rob Wilson | C59: =Entries!$N$120 -> 340 | D59: England
A60: 59 | B60: =Entries!$AJ$341 -> Sal Quattroville | C60: =Entries!$AV$341 -> 339 | D60: Spain
A61: 60 | B61: =Entries!$S$103 -> Parham Taba (P) | C61: =Entries!$AE$103 -> 332 | D61: Spain
A62: 61 | B62: =Entries!$B$307 -> Andrew Ioannides (P) | C62: =Entries!$N$307 -> 324 | D62: Spain
A63: 62 | B63: =Entries!$AJ$239 -> Brett Forer (P) | C63: =Entries!$AV$239 -> 319 | D63: Spain
A64: 63 | B64: =Entries!$S$35 -> Josh Luff (P) | C64: =Entries!$AE$35 -> 317 | D64: France
